<?xml version="1.0" encoding="utf-16"?>
<Level width ="2">
<Camera x="0" y="2" minWidth="20" maxWidth="30">
<Birds>
<Bird type="BirdBlue"/>
<Bird type="BirdRed"/>
<Bird type="BirdYellow"/>
<Bird type="BirdBlue"/>
<Bird type="BirdBlue"/>
<Bird type="BirdBlue"/>
<Bird type="BirdRed"/>
</Birds>
<Slingshot x="-8" y="-2.5">
<GameObjects>
<Block type="RectSmall" material="wood" x="-0.3" y="-3.1750000000000003" rotation="90" />
<Pig type="BasicSmall" material="" x="0.1" y="-3.375" rotation="0" />
<Pig type="BasicSmall" material="" x="0.7" y="-3.375" rotation="0" />
<Block type="RectSmall" material="ice" x="1.1" y="-3.1750000000000003" rotation="90" />
<Block type="RectSmall" material="ice" x="1.5" y="-3.1750000000000003" rotation="90" />
<Pig type="BasicSmall" material="" x="1.9" y="-3.375" rotation="0" />
<Block type="RectSmall" material="wood" x="2.3" y="-3.1750000000000003" rotation="90" />
<TNT type="" x="2.7" y="-3.325" rotation="0" />
<Block type="RectSmall" material="wood" x="3.1" y="-3.1750000000000003" rotation="90" />
<Block type="SquareTiny" material="wood" x="-0.3" y="-2.5900000000000007" rotation="0" />
<Block type="SquareTiny" material="ice" x="0.4" y="-3.49" rotation="0" />
<Block type="SquareTiny" material="wood" x="1.1" y="-2.5900000000000007" rotation="0" />
<Block type="SquareTiny" material="wood" x="1.5" y="-2.5900000000000007" rotation="0" />
<Block type="SquareTiny" material="wood" x="2.2" y="-2.5900000000000007" rotation="0" />
<Block type="SquareTiny" material="wood" x="3.0" y="-2.5900000000000007" rotation="0" />
<Block type="SquareTiny" material="ice" x="-0.3" y="-2.320000000000001" rotation="0" />
<Block type="SquareTiny" material="stone" x="0.4" y="-3.2200000000000006" rotation="0" />
<Block type="SquareTiny" material="stone" x="1.1" y="-2.320000000000001" rotation="0" />
<Block type="SquareTiny" material="stone" x="1.5" y="-2.320000000000001" rotation="0" />
<Block type="SquareTiny" material="stone" x="2.2" y="-2.320000000000001" rotation="0" />
<Block type="SquareTiny" material="stone" x="3.0" y="-2.320000000000001" rotation="0" />
<Block type="RectTiny" material="wood" x="-0.3" y="-1.9450000000000012" rotation="90" />
<Block type="RectTiny" material="wood" x="0.4" y="-2.845000000000001" rotation="90" />
<Block type="RectTiny" material="wood" x="1.1" y="-1.9450000000000012" rotation="90" />
<Block type="RectTiny" material="wood" x="1.5" y="-1.9450000000000012" rotation="90" />
<Block type="RectTiny" material="wood" x="2.2" y="-1.9450000000000012" rotation="90" />
<Block type="RectTiny" material="wood" x="3.0" y="-1.9450000000000012" rotation="90" />
<Block type="RectTiny" material="wood" x="-0.3" y="-1.465000000000001" rotation="90" />
<Block type="RectTiny" material="wood" x="0.4" y="-2.3650000000000015" rotation="90" />
<Block type="RectTiny" material="wood" x="1.1" y="-1.465000000000001" rotation="90" />
<Block type="RectTiny" material="wood" x="1.5" y="-1.465000000000001" rotation="90" />
<Block type="RectTiny" material="wood" x="2.2" y="-1.465000000000001" rotation="90" />
<Block type="RectTiny" material="wood" x="3.0" y="-1.465000000000001" rotation="90" />
<Block type="RectSmall" material="ice" x="-0.3" y="-0.7750000000000008" rotation="90" />
<Block type="RectSmall" material="ice" x="0.4" y="-1.6750000000000016" rotation="90" />
<Block type="RectSmall" material="ice" x="1.1" y="-0.7750000000000008" rotation="90" />
<Block type="RectSmall" material="ice" x="1.5" y="-0.7750000000000008" rotation="90" />
<Block type="RectSmall" material="ice" x="2.2" y="-0.7750000000000008" rotation="90" />
<Block type="RectSmall" material="ice" x="3.0" y="-0.7750000000000008" rotation="90" />
<Block type="RectMedium" material="ice" x="0.4" y="-0.19000000000000083" rotation="0" />
<Block type="RectMedium" material="ice" x="2.2" y="-0.19000000000000083" rotation="0" />
<Block type="CircleSmall" material="wood" x="-0.2" y="0.19499999999999917" rotation="0" />
<Block type="RectBig" material="ice" x="1.3" y="0.07999999999999917" rotation="0" />
<Block type="CircleSmall" material="stone" x="2.8" y="0.19499999999999917" rotation="0" />
<Block type="RectMedium" material="wood" x="1.3" y="0.34999999999999915" rotation="0" />
<Block type="CircleSmall" material="ice" x="0.7" y="0.7349999999999992" rotation="0" />
<Block type="CircleSmall" material="wood" x="1.3" y="0.7349999999999992" rotation="0" />
<Block type="CircleSmall" material="wood" x="1.9" y="0.7349999999999992" rotation="0" />
</GameObjects>
</Level>
