<?xml version="1.0" encoding="utf-16"?>
<Level width ="2">
<Camera x="0" y="2" minWidth="20" maxWidth="30">
<Birds>
<Bird type="BirdBlue"/>
<Bird type="BirdRed"/>
<Bird type="BirdYellow"/>
<Bird type="BirdBlue"/>
<Bird type="BirdBlue"/>
<Bird type="BirdBlue"/>
<Bird type="BirdRed"/>
</Birds>
<Slingshot x="-8" y="-2.5">
<GameObjects>
<Platform type="Platform" material="" x="-0.7" y="-3.29" rotation="0" />
<Platform type="Platform" material="" x="-0.1" y="-3.29" rotation="0" />
<Platform type="Platform" material="" x="0.5" y="-3.29" rotation="0" />
<Platform type="Platform" material="" x="1.1" y="-3.29" rotation="0" />
<Platform type="Platform" material="" x="1.7" y="-3.29" rotation="0" />
<Platform type="Platform" material="" x="2.3" y="-3.29" rotation="0" />
<Platform type="Platform" material="" x="2.9" y="-3.29" rotation="0" />
<Platform type="Platform" material="" x="3.5" y="-3.29" rotation="0" />
<Block type="SquareSmall" material="stone" x="-0.8" y="-2.7150000000000003" rotation="0" />
<Block type="SquareSmall" material="stone" x="0.1" y="-2.7150000000000003" rotation="0" />
<Block type="SquareSmall" material="wood" x="1.0" y="-2.7150000000000003" rotation="0" />
<Block type="SquareSmall" material="wood" x="1.8" y="-2.7150000000000003" rotation="0" />
<Block type="SquareSmall" material="wood" x="2.7" y="-2.7150000000000003" rotation="0" />
<Block type="SquareSmall" material="wood" x="3.6" y="-2.7150000000000003" rotation="0" />
<Block type="RectTiny" material="ice" x="-0.8" y="-2.3400000000000007" rotation="0" />
<Block type="RectTiny" material="stone" x="0.1" y="-2.3400000000000007" rotation="0" />
<Block type="RectTiny" material="wood" x="1.0" y="-2.3400000000000007" rotation="0" />
<Block type="RectTiny" material="wood" x="1.8" y="-2.3400000000000007" rotation="0" />
<Block type="RectTiny" material="wood" x="2.7" y="-2.3400000000000007" rotation="0" />
<Block type="RectTiny" material="wood" x="3.6" y="-2.3400000000000007" rotation="0" />
<Block type="SquareTiny" material="ice" x="-0.8" y="-2.070000000000001" rotation="0" />
<Block type="RectTiny" material="stone" x="0.1" y="-2.070000000000001" rotation="0" />
<Block type="SquareTiny" material="wood" x="1.0" y="-2.070000000000001" rotation="0" />
<Block type="RectTiny" material="wood" x="1.8" y="-2.070000000000001" rotation="0" />
<Block type="RectTiny" material="wood" x="2.7" y="-2.070000000000001" rotation="0" />
<Block type="RectTiny" material="wood" x="3.6" y="-2.070000000000001" rotation="0" />
<Block type="RectSmall" material="wood" x="-0.8" y="-1.485000000000001" rotation="90" />
<Block type="RectSmall" material="stone" x="0.1" y="-1.485000000000001" rotation="90" />
<Block type="RectSmall" material="wood" x="1.0" y="-1.485000000000001" rotation="90" />
<Block type="RectSmall" material="wood" x="1.8" y="-1.485000000000001" rotation="90" />
<Block type="RectSmall" material="wood" x="2.7" y="-1.485000000000001" rotation="90" />
<Block type="RectFat" material="stone" x="3.6" y="-1.485000000000001" rotation="90" />
<Block type="RectSmall" material="stone" x="-0.8" y="-0.5850000000000009" rotation="90" />
<Block type="RectSmall" material="stone" x="0.1" y="-0.5850000000000009" rotation="90" />
<Block type="RectSmall" material="stone" x="1.0" y="-0.5850000000000009" rotation="90" />
<Block type="RectSmall" material="wood" x="1.8" y="-0.5850000000000009" rotation="90" />
<Block type="RectSmall" material="wood" x="2.7" y="-0.5850000000000009" rotation="90" />
<Block type="RectSmall" material="ice" x="3.6" y="-0.5850000000000009" rotation="90" />
<Block type="RectBig" material="ice" x="0.1" y="-8.604228440844963e-16" rotation="0" />
<Block type="RectBig" material="stone" x="2.7" y="-8.604228440844963e-16" rotation="0" />
<Block type="SquareHole" material="ice" x="-0.5" y="0.5799999999999992" rotation="0" />
<Block type="SquareHole" material="stone" x="0.7" y="0.5799999999999992" rotation="0" />
<Block type="SquareHole" material="wood" x="2.1" y="0.5799999999999992" rotation="0" />
<Block type="SquareHole" material="stone" x="3.3" y="0.5799999999999992" rotation="0" />
<Pig type="BasicSmall" material="" x="-0.5" y="1.2749999999999992" rotation="0" />
<Block type="TriangleHole" material="wood" x="0.7" y="1.459999999999999" rotation="0" />
<Pig type="BasicSmall" material="" x="1.9" y="1.2749999999999992" rotation="0" />
<Block type="CircleSmall" material="ice" x="2.4" y="1.2749999999999992" rotation="0" />
<Block type="CircleSmall" material="ice" x="3.0" y="1.2749999999999992" rotation="0" />
<Pig type="BasicSmall" material="" x="3.6" y="1.2749999999999992" rotation="0" />
</GameObjects>
</Level>
