<?xml version="1.0" encoding="utf-16"?>
<Level width ="2">
<Camera x="0" y="2" minWidth="20" maxWidth="30">
<Birds>
<Bird type="BirdBlue"/>
<Bird type="BirdRed"/>
<Bird type="BirdYellow"/>
<Bird type="BirdBlue"/>
<Bird type="BirdBlue"/>
<Bird type="BirdBlue"/>
<Bird type="BirdRed"/>
</Birds>
<Slingshot x="-8" y="-2.5">
<GameObjects>
<Block type="RectTiny" material="stone" x="-1.2" y="-3.49" rotation="0" />
<Block type="RectTiny" material="ice" x="-0.5" y="-3.49" rotation="0" />
<Block type="RectTiny" material="ice" x="0.0" y="-3.49" rotation="0" />
<Block type="RectTiny" material="ice" x="0.6" y="-3.49" rotation="0" />
<Block type="RectTiny" material="ice" x="1.2" y="-3.49" rotation="0" />
<Block type="RectTiny" material="ice" x="1.8" y="-3.49" rotation="0" />
<Block type="RectTiny" material="ice" x="2.4" y="-3.49" rotation="0" />
<Block type="RectTiny" material="ice" x="3.0" y="-3.49" rotation="0" />
<Block type="RectTiny" material="ice" x="3.5" y="-3.49" rotation="0" />
<Block type="RectTiny" material="ice" x="4.2" y="-3.49" rotation="0" />
<Block type="RectTiny" material="stone" x="-1.2" y="-3.2200000000000006" rotation="0" />
<Block type="RectTiny" material="ice" x="-0.5" y="-3.2200000000000006" rotation="0" />
<Block type="RectTiny" material="ice" x="0.0" y="-3.2200000000000006" rotation="0" />
<Block type="RectTiny" material="ice" x="0.6" y="-3.2200000000000006" rotation="0" />
<Block type="RectTiny" material="ice" x="1.2" y="-3.2200000000000006" rotation="0" />
<Block type="RectTiny" material="ice" x="1.8" y="-3.2200000000000006" rotation="0" />
<Block type="RectTiny" material="ice" x="2.4" y="-3.2200000000000006" rotation="0" />
<Block type="RectTiny" material="ice" x="3.0" y="-3.2200000000000006" rotation="0" />
<Block type="RectTiny" material="ice" x="3.5" y="-3.2200000000000006" rotation="0" />
<Block type="RectTiny" material="ice" x="4.2" y="-3.2200000000000006" rotation="0" />
<Block type="SquareSmall" material="stone" x="-1.2" y="-2.845000000000001" rotation="0" />
<Block type="SquareSmall" material="wood" x="-0.5" y="-2.845000000000001" rotation="0" />
<Block type="SquareSmall" material="wood" x="0.0" y="-2.845000000000001" rotation="0" />
<Block type="SquareSmall" material="wood" x="0.6" y="-2.845000000000001" rotation="0" />
<Block type="SquareSmall" material="wood" x="1.2" y="-2.845000000000001" rotation="0" />
<Block type="SquareSmall" material="wood" x="1.8" y="-2.845000000000001" rotation="0" />
<Block type="SquareSmall" material="wood" x="2.4" y="-2.845000000000001" rotation="0" />
<Block type="SquareSmall" material="wood" x="3.0" y="-2.845000000000001" rotation="0" />
<Block type="SquareSmall" material="wood" x="3.5" y="-2.845000000000001" rotation="0" />
<Block type="SquareSmall" material="wood" x="4.2" y="-2.845000000000001" rotation="0" />
<Block type="RectTiny" material="wood" x="-1.2" y="-2.4700000000000015" rotation="0" />
<Block type="RectTiny" material="wood" x="-0.5" y="-2.4700000000000015" rotation="0" />
<Block type="RectTiny" material="wood" x="0.0" y="-2.4700000000000015" rotation="0" />
<Block type="RectTiny" material="wood" x="0.6" y="-2.4700000000000015" rotation="0" />
<Block type="RectTiny" material="wood" x="1.2" y="-2.4700000000000015" rotation="0" />
<Block type="RectTiny" material="wood" x="1.8" y="-2.4700000000000015" rotation="0" />
<Block type="RectTiny" material="wood" x="2.4" y="-2.4700000000000015" rotation="0" />
<Block type="RectTiny" material="wood" x="3.0" y="-2.4700000000000015" rotation="0" />
<Block type="RectTiny" material="wood" x="3.5" y="-2.4700000000000015" rotation="0" />
<Block type="RectTiny" material="wood" x="4.2" y="-2.4700000000000015" rotation="0" />
<Block type="SquareSmall" material="wood" x="-1.2" y="-2.095000000000002" rotation="0" />
<Block type="SquareSmall" material="wood" x="-0.5" y="-2.095000000000002" rotation="0" />
<Block type="SquareSmall" material="wood" x="0.0" y="-2.095000000000002" rotation="0" />
<Block type="SquareSmall" material="wood" x="0.6" y="-2.095000000000002" rotation="0" />
<Block type="SquareSmall" material="wood" x="1.2" y="-2.095000000000002" rotation="0" />
<Block type="SquareSmall" material="wood" x="1.8" y="-2.095000000000002" rotation="0" />
<Block type="SquareSmall" material="wood" x="2.4" y="-2.095000000000002" rotation="0" />
<Block type="SquareSmall" material="wood" x="3.0" y="-2.095000000000002" rotation="0" />
<Block type="SquareSmall" material="wood" x="3.5" y="-2.095000000000002" rotation="0" />
<Block type="SquareSmall" material="wood" x="4.2" y="-2.095000000000002" rotation="0" />
<Block type="RectFat" material="ice" x="-1.2" y="-1.4050000000000018" rotation="90" />
<Block type="RectFat" material="ice" x="-0.5" y="-1.4050000000000018" rotation="90" />
<Block type="RectFat" material="ice" x="0.0" y="-1.4050000000000018" rotation="90" />
<Block type="RectFat" material="ice" x="0.6" y="-1.4050000000000018" rotation="90" />
<Block type="RectFat" material="ice" x="1.2" y="-1.4050000000000018" rotation="90" />
<Block type="RectFat" material="ice" x="1.8" y="-1.4050000000000018" rotation="90" />
<Block type="RectFat" material="ice" x="2.4" y="-1.4050000000000018" rotation="90" />
<Block type="RectFat" material="ice" x="3.0" y="-1.4050000000000018" rotation="90" />
<Block type="RectFat" material="ice" x="3.5" y="-1.4050000000000018" rotation="90" />
<Block type="RectFat" material="ice" x="4.2" y="-1.4050000000000018" rotation="90" />
<Block type="RectSmall" material="stone" x="-1.2" y="-0.5050000000000017" rotation="90" />
<Block type="RectFat" material="stone" x="-0.5" y="-0.5050000000000017" rotation="90" />
<Block type="RectFat" material="stone" x="0.0" y="-0.5050000000000017" rotation="90" />
<Block type="RectFat" material="stone" x="0.6" y="-0.5050000000000017" rotation="90" />
<Block type="RectFat" material="stone" x="1.2" y="-0.5050000000000017" rotation="90" />
<Block type="RectFat" material="stone" x="1.8" y="-0.5050000000000017" rotation="90" />
<Block type="RectSmall" material="stone" x="2.4" y="-0.5050000000000017" rotation="90" />
<Block type="RectSmall" material="stone" x="3.0" y="-0.5050000000000017" rotation="90" />
<Block type="RectSmall" material="stone" x="3.5" y="-0.5050000000000017" rotation="90" />
<Block type="RectFat" material="stone" x="4.2" y="-0.5050000000000017" rotation="90" />
<Block type="RectFat" material="wood" x="-0.9" y="0.18499999999999833" rotation="0" />
<Block type="SquareSmall" material="wood" x="0.3" y="0.18499999999999833" rotation="0" />
<Block type="RectFat" material="wood" x="1.5" y="0.18499999999999833" rotation="0" />
<Block type="RectFat" material="wood" x="2.7" y="0.18499999999999833" rotation="0" />
<Block type="RectFat" material="wood" x="3.9" y="0.18499999999999833" rotation="0" />
<Pig type="BasicSmall" material="" x="-0.9" y="0.6749999999999984" rotation="0" />
<Block type="CircleSmall" material="wood" x="0.3" y="0.6749999999999984" rotation="0" />
<Block type="Triangle" material="wood" x="1.2" y="0.8599999999999983" rotation="90" />
<Block type="TriangleHole" material="ice" x="2.4" y="0.8599999999999983" rotation="0" />
<Block type="TriangleHole" material="ice" x="3.6" y="0.8599999999999983" rotation="0" />
</GameObjects>
</Level>
