<?xml version="1.0" encoding="utf-16"?>
<Level width ="2">
<Camera x="0" y="2" minWidth="20" maxWidth="30">
<Birds>
<Bird type="BirdBlue"/>
<Bird type="BirdRed"/>
<Bird type="BirdYellow"/>
<Bird type="BirdBlue"/>
<Bird type="BirdBlue"/>
<Bird type="BirdBlue"/>
<Bird type="BirdRed"/>
</Birds>
<Slingshot x="-8" y="-2.5">
<GameObjects>
<Block type="RectFat" material="stone" x="-1.1" y="-3.3850000000000002" rotation="0" />
<Block type="RectFat" material="ice" x="-0.1" y="-3.3850000000000002" rotation="0" />
<Block type="RectFat" material="stone" x="1.0" y="-3.3850000000000002" rotation="0" />
<Block type="RectFat" material="stone" x="2.0" y="-3.3850000000000002" rotation="0" />
<Block type="RectFat" material="wood" x="3.1" y="-3.3850000000000002" rotation="0" />
<Block type="RectFat" material="stone" x="4.1" y="-3.3850000000000002" rotation="0" />
<Block type="RectFat" material="stone" x="-1.1" y="-2.9050000000000007" rotation="0" />
<Block type="RectFat" material="stone" x="-0.1" y="-2.9050000000000007" rotation="0" />
<Block type="RectFat" material="stone" x="1.0" y="-2.9050000000000007" rotation="0" />
<Block type="RectFat" material="wood" x="2.0" y="-2.9050000000000007" rotation="0" />
<Block type="RectFat" material="ice" x="3.1" y="-2.9050000000000007" rotation="0" />
<Block type="RectFat" material="wood" x="4.1" y="-2.9050000000000007" rotation="0" />
<Block type="RectFat" material="stone" x="-1.0" y="-2.215000000000001" rotation="90" />
<Block type="RectFat" material="wood" x="-0.2" y="-2.215000000000001" rotation="90" />
<Block type="RectFat" material="stone" x="1.1" y="-2.215000000000001" rotation="90" />
<Block type="RectFat" material="ice" x="1.9" y="-2.215000000000001" rotation="90" />
<Block type="RectFat" material="wood" x="3.2" y="-2.215000000000001" rotation="90" />
<Block type="RectFat" material="wood" x="4.0" y="-2.215000000000001" rotation="90" />
<Block type="RectSmall" material="stone" x="-0.9" y="-1.315000000000001" rotation="90" />
<Block type="RectSmall" material="wood" x="-0.3" y="-1.315000000000001" rotation="90" />
<Block type="RectSmall" material="wood" x="1.2" y="-1.315000000000001" rotation="90" />
<Block type="RectSmall" material="stone" x="1.8" y="-1.315000000000001" rotation="90" />
<Block type="RectSmall" material="wood" x="3.3" y="-1.315000000000001" rotation="90" />
<Block type="RectSmall" material="ice" x="3.9" y="-1.315000000000001" rotation="90" />
<Block type="RectSmall" material="stone" x="-0.6" y="-0.730000000000001" rotation="0" />
<Block type="RectSmall" material="wood" x="1.5" y="-0.730000000000001" rotation="0" />
<Block type="RectSmall" material="stone" x="3.6" y="-0.730000000000001" rotation="0" />
<Block type="RectBig" material="stone" x="0.3" y="-0.460000000000001" rotation="0" />
<Block type="RectBig" material="wood" x="2.7" y="-0.460000000000001" rotation="0" />
<Block type="RectBig" material="wood" x="0.3" y="-0.19000000000000106" rotation="0" />
<Block type="RectBig" material="ice" x="2.7" y="-0.19000000000000106" rotation="0" />
<Block type="SquareSmall" material="wood" x="-0.4" y="0.18499999999999894" rotation="0" />
<Block type="SquareSmall" material="ice" x="0.3" y="0.18499999999999894" rotation="0" />
<Block type="RectTiny" material="ice" x="1.0" y="0.18499999999999894" rotation="90" />
<Block type="RectTiny" material="wood" x="2.0" y="0.18499999999999894" rotation="90" />
<Block type="RectFat" material="stone" x="2.7" y="0.18499999999999894" rotation="0" />
<Block type="RectTiny" material="stone" x="3.4" y="0.18499999999999894" rotation="90" />
<Block type="RectMedium" material="wood" x="0.3" y="0.5599999999999989" rotation="0" />
<Block type="RectMedium" material="stone" x="2.7" y="0.5599999999999989" rotation="0" />
<Block type="CircleSmall" material="ice" x="-0.2" y="0.944999999999999" rotation="0" />
<Pig type="BasicSmall" material="" x="0.3" y="0.944999999999999" rotation="0" />
<Block type="CircleSmall" material="ice" x="0.9" y="0.944999999999999" rotation="0" />
<Pig type="BasicSmall" material="" x="2.1" y="0.944999999999999" rotation="0" />
<Block type="CircleSmall" material="stone" x="2.7" y="0.944999999999999" rotation="0" />
<Pig type="BasicSmall" material="" x="3.2" y="0.944999999999999" rotation="0" />
</GameObjects>
</Level>
