<?xml version="1.0" encoding="utf-16"?>
<Level width ="2">
<Camera x="0" y="2" minWidth="20" maxWidth="30">
<Birds>
<Bird type="BirdBlue"/>
<Bird type="BirdRed"/>
<Bird type="BirdYellow"/>
<Bird type="BirdBlue"/>
<Bird type="BirdBlue"/>
<Bird type="BirdBlue"/>
<Bird type="BirdRed"/>
</Birds>
<Slingshot x="-8" y="-2.5">
<GameObjects>
<Block type="RectTiny" material="stone" x="-1.2" y="-3.49" rotation="0" />
<Block type="RectTiny" material="stone" x="-0.5" y="-3.49" rotation="0" />
<Block type="RectTiny" material="ice" x="0.3" y="-3.49" rotation="0" />
<Block type="RectTiny" material="ice" x="0.8" y="-3.49" rotation="0" />
<Block type="RectTiny" material="wood" x="1.5" y="-3.49" rotation="0" />
<Block type="RectTiny" material="stone" x="2.2" y="-3.49" rotation="0" />
<Block type="RectTiny" material="stone" x="2.7" y="-3.49" rotation="0" />
<Block type="RectTiny" material="wood" x="3.5" y="-3.49" rotation="0" />
<Block type="RectTiny" material="wood" x="4.2" y="-3.49" rotation="0" />
<Block type="RectTiny" material="stone" x="-1.2" y="-3.2200000000000006" rotation="0" />
<Block type="RectTiny" material="stone" x="-0.5" y="-3.2200000000000006" rotation="0" />
<Block type="RectTiny" material="ice" x="0.3" y="-3.2200000000000006" rotation="0" />
<Block type="RectTiny" material="wood" x="0.8" y="-3.2200000000000006" rotation="0" />
<Block type="RectTiny" material="wood" x="1.5" y="-3.2200000000000006" rotation="0" />
<Block type="RectTiny" material="stone" x="2.2" y="-3.2200000000000006" rotation="0" />
<Block type="RectTiny" material="stone" x="2.7" y="-3.2200000000000006" rotation="0" />
<Block type="RectTiny" material="wood" x="3.5" y="-3.2200000000000006" rotation="0" />
<Block type="RectTiny" material="wood" x="4.2" y="-3.2200000000000006" rotation="0" />
<Block type="SquareSmall" material="stone" x="-1.2" y="-2.845000000000001" rotation="0" />
<Block type="SquareSmall" material="stone" x="-0.5" y="-2.845000000000001" rotation="0" />
<Block type="SquareSmall" material="ice" x="0.3" y="-2.845000000000001" rotation="0" />
<Block type="SquareSmall" material="wood" x="0.8" y="-2.845000000000001" rotation="0" />
<Block type="SquareSmall" material="wood" x="1.5" y="-2.845000000000001" rotation="0" />
<Block type="SquareSmall" material="stone" x="2.2" y="-2.845000000000001" rotation="0" />
<Block type="SquareSmall" material="stone" x="2.7" y="-2.845000000000001" rotation="0" />
<Block type="SquareSmall" material="stone" x="3.5" y="-2.845000000000001" rotation="0" />
<Block type="SquareSmall" material="wood" x="4.2" y="-2.845000000000001" rotation="0" />
<Block type="RectFat" material="stone" x="-1.2" y="-2.1550000000000016" rotation="90" />
<Block type="RectFat" material="stone" x="-0.5" y="-2.1550000000000016" rotation="90" />
<Block type="RectFat" material="stone" x="0.3" y="-2.1550000000000016" rotation="90" />
<Block type="RectFat" material="ice" x="0.8" y="-2.1550000000000016" rotation="90" />
<Block type="RectFat" material="wood" x="1.5" y="-2.1550000000000016" rotation="90" />
<Block type="RectFat" material="ice" x="2.2" y="-2.1550000000000016" rotation="90" />
<Block type="RectFat" material="stone" x="2.7" y="-2.1550000000000016" rotation="90" />
<Block type="RectFat" material="stone" x="3.5" y="-2.1550000000000016" rotation="90" />
<Block type="RectFat" material="stone" x="4.2" y="-2.1550000000000016" rotation="90" />
<Block type="SquareTiny" material="stone" x="-1.2" y="-1.5700000000000014" rotation="0" />
<Block type="RectTiny" material="stone" x="-0.5" y="-1.5700000000000014" rotation="0" />
<Block type="RectTiny" material="stone" x="0.3" y="-1.5700000000000014" rotation="0" />
<Block type="RectTiny" material="ice" x="0.8" y="-1.5700000000000014" rotation="0" />
<Block type="SquareTiny" material="ice" x="1.5" y="-1.5700000000000014" rotation="0" />
<Block type="RectTiny" material="ice" x="2.2" y="-1.5700000000000014" rotation="0" />
<Block type="RectTiny" material="ice" x="2.7" y="-1.5700000000000014" rotation="0" />
<Block type="RectTiny" material="wood" x="3.5" y="-1.5700000000000014" rotation="0" />
<Block type="RectTiny" material="ice" x="4.2" y="-1.5700000000000014" rotation="0" />
<Block type="RectMedium" material="stone" x="-0.5" y="-1.3000000000000012" rotation="0" />
<Block type="RectMedium" material="ice" x="1.5" y="-1.3000000000000012" rotation="0" />
<Block type="RectMedium" material="wood" x="3.5" y="-1.3000000000000012" rotation="0" />
<Pig type="BasicSmall" material="" x="-1.0" y="-0.915000000000001" rotation="0" />
<Block type="RectSmall" material="stone" x="-0.1" y="-1.030000000000001" rotation="0" />
<Block type="RectSmall" material="ice" x="1.5" y="-1.030000000000001" rotation="0" />
<Block type="RectSmall" material="ice" x="3.2" y="-1.030000000000001" rotation="0" />
<Pig type="BasicSmall" material="" x="4.0" y="-0.915000000000001" rotation="0" />
<Block type="RectSmall" material="ice" x="-0.5" y="-0.44500000000000095" rotation="90" />
<Block type="RectSmall" material="ice" x="-0.1" y="-0.44500000000000095" rotation="90" />
<Block type="RectSmall" material="ice" x="0.2" y="-0.44500000000000095" rotation="90" />
<Block type="RectSmall" material="ice" x="1.2" y="-0.44500000000000095" rotation="90" />
<Block type="RectSmall" material="ice" x="1.5" y="-0.44500000000000095" rotation="90" />
<Block type="RectSmall" material="ice" x="1.8" y="-0.44500000000000095" rotation="90" />
<Block type="RectSmall" material="ice" x="2.8" y="-0.44500000000000095" rotation="90" />
<Block type="RectSmall" material="ice" x="3.2" y="-0.44500000000000095" rotation="90" />
<Block type="RectSmall" material="ice" x="3.5" y="-0.44500000000000095" rotation="90" />
<Block type="RectSmall" material="ice" x="-0.1" y="0.13999999999999904" rotation="0" />
<Block type="RectSmall" material="ice" x="1.5" y="0.13999999999999904" rotation="0" />
<Block type="RectSmall" material="stone" x="3.2" y="0.13999999999999904" rotation="0" />
<Block type="RectMedium" material="ice" x="0.6" y="0.40999999999999903" rotation="0" />
<Block type="RectMedium" material="stone" x="2.4" y="0.40999999999999903" rotation="0" />
<Block type="TriangleHole" material="wood" x="0.0" y="0.9799999999999991" rotation="0" />
<Block type="RectTiny" material="stone" x="1.5" y="0.679999999999999" rotation="0" />
<Block type="CircleSmall" material="wood" x="2.4" y="0.794999999999999" rotation="0" />
<Pig type="BasicSmall" material="" x="3.0" y="0.794999999999999" rotation="0" />
<TNT type="" x="0.8" y="0.8449999999999991" rotation="0" />
<Pig type="BasicSmall" material="" x="1.5" y="1.064999999999999" rotation="0" />
</GameObjects>
</Level>
