<?xml version="1.0" encoding="utf-16"?>
<Level width ="2">
<Camera x="0" y="2" minWidth="20" maxWidth="30">
<Birds>
<Bird type="BirdBlue"/>
<Bird type="BirdRed"/>
<Bird type="BirdYellow"/>
<Bird type="BirdBlue"/>
<Bird type="BirdBlue"/>
<Bird type="BirdBlue"/>
<Bird type="BirdRed"/>
</Birds>
<Slingshot x="-8" y="-2.5">
<GameObjects>
<Pig type="BasicSmall" material="" x="-1.3" y="-3.375" rotation="0" />
<Platform type="Platform" material="" x="0.6" y="-3.29" rotation="0" />
<Platform type="Platform" material="" x="1.2" y="-3.29" rotation="0" />
<Platform type="Platform" material="" x="1.8" y="-3.29" rotation="0" />
<Platform type="Platform" material="" x="2.4" y="-3.29" rotation="0" />
<Pig type="BasicSmall" material="" x="3.5" y="-3.375" rotation="0" />
<Block type="RectTiny" material="stone" x="0.5" y="-2.8200000000000003" rotation="0" />
<Block type="RectTiny" material="stone" x="2.3" y="-2.8200000000000003" rotation="0" />
<Block type="RectBig" material="stone" x="1.4" y="-2.5500000000000007" rotation="0" />
<Block type="RectTiny" material="wood" x="0.5" y="-2.175000000000001" rotation="90" />
<Block type="RectTiny" material="wood" x="0.9" y="-2.175000000000001" rotation="90" />
<Block type="RectTiny" material="wood" x="1.4" y="-2.175000000000001" rotation="90" />
<Block type="RectTiny" material="wood" x="1.9" y="-2.175000000000001" rotation="90" />
<Block type="RectTiny" material="wood" x="2.3" y="-2.175000000000001" rotation="90" />
<Block type="RectMedium" material="wood" x="0.5" y="-1.070000000000001" rotation="90" />
<Block type="RectMedium" material="wood" x="0.9" y="-1.070000000000001" rotation="90" />
<Block type="RectMedium" material="wood" x="1.4" y="-1.070000000000001" rotation="90" />
<Block type="RectMedium" material="wood" x="1.9" y="-1.070000000000001" rotation="90" />
<Block type="RectMedium" material="wood" x="2.3" y="-1.070000000000001" rotation="90" />
<Block type="RectBig" material="stone" x="1.4" y="-0.07000000000000098" rotation="0" />
<Block type="RectSmall" material="stone" x="1.0" y="0.514999999999999" rotation="90" />
<Pig type="BasicSmall" material="" x="1.4" y="0.314999999999999" rotation="0" />
<Block type="RectSmall" material="stone" x="1.8" y="0.514999999999999" rotation="90" />
<Pig type="BasicSmall" material="" x="1.0" y="0.8149999999999991" rotation="0" />
<Pig type="BasicSmall" material="" x="1.8" y="1.2149999999999992" rotation="0" />
</GameObjects>
</Level>
