<?xml version="1.0" encoding="utf-16"?>
<Level width ="2">
<Camera x="0" y="2" minWidth="20" maxWidth="30">
<Birds>
<Bird type="BirdBlue"/>
<Bird type="BirdRed"/>
<Bird type="BirdYellow"/>
<Bird type="BirdBlue"/>
<Bird type="BirdBlue"/>
<Bird type="BirdBlue"/>
<Bird type="BirdRed"/>
</Birds>
<Slingshot x="-8" y="-2.5">
<GameObjects>
<Block type="RectBig" material="stone" x="-0.7" y="-3.49" rotation="0" />
<Block type="RectBig" material="ice" x="1.5" y="-3.49" rotation="0" />
<Block type="RectBig" material="ice" x="3.7" y="-3.49" rotation="0" />
<Block type="RectBig" material="stone" x="-0.7" y="-3.2200000000000006" rotation="0" />
<Block type="RectBig" material="ice" x="1.5" y="-3.2200000000000006" rotation="0" />
<Block type="RectBig" material="ice" x="3.7" y="-3.2200000000000006" rotation="0" />
<Pig type="BasicSmall" material="" x="-1.4" y="-2.835000000000001" rotation="0" />
<Block type="RectTiny" material="ice" x="-0.5" y="-2.950000000000001" rotation="0" />
<Block type="RectBig" material="ice" x="1.5" y="-2.950000000000001" rotation="0" />
<Block type="SquareTiny" material="ice" x="3.5" y="-2.950000000000001" rotation="0" />
<Pig type="BasicSmall" material="" x="4.4" y="-2.835000000000001" rotation="0" />
<Block type="RectBig" material="wood" x="0.5" y="-2.6800000000000015" rotation="0" />
<Block type="RectBig" material="wood" x="2.5" y="-2.6800000000000015" rotation="0" />
<Block type="TriangleHole" material="wood" x="-0.2" y="-2.1100000000000017" rotation="0" />
<Block type="RectSmall" material="ice" x="0.5" y="-2.095000000000002" rotation="90" />
<Block type="RectFat" material="ice" x="1.1" y="-2.095000000000002" rotation="90" />
<Block type="RectFat" material="ice" x="1.9" y="-2.095000000000002" rotation="90" />
<Block type="RectFat" material="ice" x="2.5" y="-2.095000000000002" rotation="90" />
<Block type="CircleSmall" material="wood" x="3.2" y="-2.2950000000000017" rotation="0" />
<Block type="SquareHole" material="ice" x="0.8" y="-1.200000000000002" rotation="0" />
<Block type="SquareHole" material="ice" x="2.2" y="-1.200000000000002" rotation="0" />
<Block type="RectFat" material="stone" x="0.8" y="-0.515000000000002" rotation="0" />
<Block type="RectFat" material="stone" x="2.2" y="-0.515000000000002" rotation="0" />
<Block type="RectSmall" material="ice" x="0.6" y="0.17499999999999793" rotation="90" />
<Block type="RectSmall" material="ice" x="1.1" y="0.17499999999999793" rotation="90" />
<Block type="RectFat" material="ice" x="1.9" y="0.17499999999999793" rotation="90" />
<Block type="RectSmall" material="ice" x="2.4" y="0.17499999999999793" rotation="90" />
<Block type="TriangleHole" material="stone" x="0.6" y="1.0599999999999978" rotation="0" />
<Block type="TriangleHole" material="wood" x="2.4" y="1.0599999999999978" rotation="0" />
</GameObjects>
</Level>
