<?xml version="1.0" encoding="utf-16"?>
<Level width ="2">
<Camera x="0" y="2" minWidth="20" maxWidth="30">
<Birds>
<Bird type="BirdBlue"/>
<Bird type="BirdRed"/>
<Bird type="BirdYellow"/>
<Bird type="BirdBlue"/>
<Bird type="BirdBlue"/>
<Bird type="BirdBlue"/>
<Bird type="BirdRed"/>
</Birds>
<Slingshot x="-8" y="-2.5">
<GameObjects>
<Platform type="Platform" material="" x="0.1" y="-3.29" rotation="0" />
<Platform type="Platform" material="" x="0.7" y="-3.29" rotation="0" />
<Platform type="Platform" material="" x="1.3" y="-3.29" rotation="0" />
<Platform type="Platform" material="" x="1.9" y="-3.29" rotation="0" />
<Platform type="Platform" material="" x="2.5" y="-3.29" rotation="0" />
<Block type="RectFat" material="wood" x="0.2" y="-2.7150000000000003" rotation="0" />
<Block type="RectFat" material="wood" x="1.2" y="-2.7150000000000003" rotation="0" />
<Block type="RectFat" material="wood" x="2.2" y="-2.7150000000000003" rotation="0" />
<Block type="RectSmall" material="stone" x="0.2" y="-2.3400000000000007" rotation="0" />
<Block type="RectSmall" material="wood" x="1.2" y="-2.3400000000000007" rotation="0" />
<Block type="RectSmall" material="wood" x="2.2" y="-2.3400000000000007" rotation="0" />
<Block type="RectTiny" material="wood" x="0.3" y="-2.070000000000001" rotation="0" />
<Block type="RectTiny" material="wood" x="2.1" y="-2.070000000000001" rotation="0" />
<Block type="RectBig" material="stone" x="1.2" y="-1.800000000000001" rotation="0" />
<Block type="RectSmall" material="ice" x="0.3" y="-1.2150000000000007" rotation="90" />
<Block type="RectFat" material="ice" x="0.7" y="-1.2150000000000007" rotation="90" />
<Block type="RectFat" material="ice" x="1.2" y="-1.2150000000000007" rotation="90" />
<Block type="RectSmall" material="ice" x="1.7" y="-1.2150000000000007" rotation="90" />
<Block type="RectSmall" material="ice" x="2.1" y="-1.2150000000000007" rotation="90" />
<Block type="RectSmall" material="ice" x="0.3" y="-0.3150000000000007" rotation="90" />
<Block type="RectFat" material="ice" x="0.7" y="-0.3150000000000007" rotation="90" />
<Block type="RectSmall" material="ice" x="1.2" y="-0.3150000000000007" rotation="90" />
<Block type="RectSmall" material="ice" x="1.7" y="-0.3150000000000007" rotation="90" />
<Block type="RectSmall" material="ice" x="2.1" y="-0.3150000000000007" rotation="90" />
<Block type="RectBig" material="stone" x="1.2" y="0.26999999999999924" rotation="0" />
<Block type="SquareSmall" material="wood" x="0.4" y="0.6449999999999992" rotation="0" />
<Block type="RectTiny" material="wood" x="0.8" y="0.6449999999999992" rotation="90" />
<Block type="RectTiny" material="wood" x="1.2" y="0.6449999999999992" rotation="90" />
<Block type="SquareSmall" material="wood" x="1.6" y="0.6449999999999992" rotation="0" />
<Block type="RectTiny" material="wood" x="2.0" y="0.6449999999999992" rotation="90" />
<Pig type="BasicSmall" material="" x="0.4" y="1.1349999999999993" rotation="0" />
<Block type="CircleSmall" material="stone" x="1.2" y="1.1349999999999993" rotation="0" />
<Pig type="BasicSmall" material="" x="2.0" y="1.1349999999999993" rotation="0" />
</GameObjects>
</Level>
