<?xml version="1.0" encoding="utf-16"?>
<Level width ="2">
<Camera x="0" y="2" minWidth="20" maxWidth="30">
<Birds>
<Bird type="BirdBlue"/>
<Bird type="BirdRed"/>
<Bird type="BirdYellow"/>
<Bird type="BirdBlue"/>
<Bird type="BirdBlue"/>
<Bird type="BirdBlue"/>
<Bird type="BirdRed"/>
</Birds>
<Slingshot x="-8" y="-2.5">
<GameObjects>
<Platform type="Platform" material="" x="-0.9" y="-3.29" rotation="0" />
<Platform type="Platform" material="" x="-0.3" y="-3.29" rotation="0" />
<Platform type="Platform" material="" x="0.3" y="-3.29" rotation="0" />
<Platform type="Platform" material="" x="0.9" y="-3.29" rotation="0" />
<Platform type="Platform" material="" x="1.5" y="-3.29" rotation="0" />
<Platform type="Platform" material="" x="2.1" y="-3.29" rotation="0" />
<Platform type="Platform" material="" x="2.7" y="-3.29" rotation="0" />
<Platform type="Platform" material="" x="3.4" y="-3.29" rotation="0" />
<Platform type="Platform" material="" x="4.0" y="-3.29" rotation="0" />
<Block type="RectTiny" material="stone" x="-1.0" y="-2.8200000000000003" rotation="0" />
<Block type="RectTiny" material="wood" x="-0.3" y="-2.8200000000000003" rotation="0" />
<Block type="RectTiny" material="wood" x="0.3" y="-2.8200000000000003" rotation="0" />
<Block type="RectTiny" material="wood" x="1.0" y="-2.8200000000000003" rotation="0" />
<Pig type="BasicSmall" material="" x="1.5" y="-2.705" rotation="0" />
<Block type="RectTiny" material="stone" x="2.0" y="-2.8200000000000003" rotation="0" />
<Block type="RectTiny" material="stone" x="2.7" y="-2.8200000000000003" rotation="0" />
<Block type="RectTiny" material="wood" x="3.3" y="-2.8200000000000003" rotation="0" />
<Block type="RectTiny" material="wood" x="4.0" y="-2.8200000000000003" rotation="0" />
<Block type="RectTiny" material="ice" x="-1.0" y="-2.5500000000000007" rotation="0" />
<Block type="RectTiny" material="wood" x="-0.3" y="-2.5500000000000007" rotation="0" />
<Block type="RectTiny" material="stone" x="0.3" y="-2.5500000000000007" rotation="0" />
<Block type="RectTiny" material="stone" x="1.0" y="-2.5500000000000007" rotation="0" />
<Block type="RectTiny" material="stone" x="2.0" y="-2.5500000000000007" rotation="0" />
<Block type="RectTiny" material="wood" x="2.7" y="-2.5500000000000007" rotation="0" />
<Block type="RectTiny" material="wood" x="3.3" y="-2.5500000000000007" rotation="0" />
<Block type="RectTiny" material="wood" x="4.0" y="-2.5500000000000007" rotation="0" />
<Block type="SquareSmall" material="stone" x="-1.0" y="-2.175000000000001" rotation="0" />
<Block type="SquareSmall" material="ice" x="-0.3" y="-2.175000000000001" rotation="0" />
<Block type="SquareSmall" material="wood" x="0.3" y="-2.175000000000001" rotation="0" />
<Block type="SquareSmall" material="stone" x="1.0" y="-2.175000000000001" rotation="0" />
<Block type="SquareSmall" material="stone" x="2.0" y="-2.175000000000001" rotation="0" />
<Block type="SquareSmall" material="wood" x="2.7" y="-2.175000000000001" rotation="0" />
<Block type="SquareSmall" material="wood" x="3.3" y="-2.175000000000001" rotation="0" />
<Block type="SquareSmall" material="wood" x="4.0" y="-2.175000000000001" rotation="0" />
<Block type="RectFat" material="stone" x="-1.0" y="-1.485000000000001" rotation="90" />
<Block type="RectFat" material="wood" x="-0.3" y="-1.485000000000001" rotation="90" />
<Block type="RectFat" material="wood" x="0.3" y="-1.485000000000001" rotation="90" />
<Block type="RectFat" material="stone" x="1.0" y="-1.485000000000001" rotation="90" />
<Block type="RectFat" material="wood" x="2.0" y="-1.485000000000001" rotation="90" />
<Block type="RectFat" material="stone" x="2.7" y="-1.485000000000001" rotation="90" />
<Block type="RectFat" material="stone" x="3.3" y="-1.485000000000001" rotation="90" />
<Block type="RectFat" material="ice" x="4.0" y="-1.485000000000001" rotation="90" />
<Block type="SquareSmall" material="stone" x="-1.0" y="-0.7950000000000009" rotation="0" />
<Block type="SquareSmall" material="wood" x="-0.3" y="-0.7950000000000009" rotation="0" />
<Block type="SquareSmall" material="wood" x="0.3" y="-0.7950000000000009" rotation="0" />
<Block type="SquareSmall" material="stone" x="1.0" y="-0.7950000000000009" rotation="0" />
<Block type="SquareSmall" material="ice" x="2.0" y="-0.7950000000000009" rotation="0" />
<Block type="SquareSmall" material="wood" x="2.7" y="-0.7950000000000009" rotation="0" />
<Block type="SquareSmall" material="stone" x="3.3" y="-0.7950000000000009" rotation="0" />
<Block type="SquareSmall" material="wood" x="4.0" y="-0.7950000000000009" rotation="0" />
<Block type="SquareTiny" material="stone" x="-1.0" y="-0.420000000000001" rotation="0" />
<Block type="SquareTiny" material="wood" x="-0.3" y="-0.420000000000001" rotation="0" />
<Block type="SquareTiny" material="wood" x="0.3" y="-0.420000000000001" rotation="0" />
<Block type="SquareTiny" material="ice" x="1.0" y="-0.420000000000001" rotation="0" />
<Block type="SquareTiny" material="wood" x="2.0" y="-0.420000000000001" rotation="0" />
<Block type="SquareTiny" material="wood" x="2.7" y="-0.420000000000001" rotation="0" />
<Block type="SquareTiny" material="wood" x="3.3" y="-0.420000000000001" rotation="0" />
<Block type="SquareTiny" material="wood" x="4.0" y="-0.420000000000001" rotation="0" />
<Block type="SquareTiny" material="stone" x="-1.0" y="-0.15000000000000102" rotation="0" />
<Block type="SquareTiny" material="wood" x="-0.3" y="-0.15000000000000102" rotation="0" />
<Block type="SquareTiny" material="wood" x="0.3" y="-0.15000000000000102" rotation="0" />
<Block type="SquareTiny" material="ice" x="1.0" y="-0.15000000000000102" rotation="0" />
<Block type="SquareTiny" material="stone" x="2.0" y="-0.15000000000000102" rotation="0" />
<Block type="SquareTiny" material="wood" x="2.7" y="-0.15000000000000102" rotation="0" />
<Block type="SquareTiny" material="ice" x="3.3" y="-0.15000000000000102" rotation="0" />
<Block type="SquareTiny" material="wood" x="4.0" y="-0.15000000000000102" rotation="0" />
<Block type="RectSmall" material="stone" x="-0.7" y="0.11999999999999898" rotation="0" />
<Block type="RectSmall" material="wood" x="0.6" y="0.11999999999999898" rotation="0" />
<Block type="RectSmall" material="ice" x="2.4" y="0.11999999999999898" rotation="0" />
<Block type="RectSmall" material="wood" x="3.7" y="0.11999999999999898" rotation="0" />
<Block type="SquareTiny" material="stone" x="-1.0" y="0.38999999999999896" rotation="0" />
<Block type="SquareTiny" material="wood" x="-0.3" y="0.38999999999999896" rotation="0" />
<Block type="SquareTiny" material="wood" x="0.3" y="0.38999999999999896" rotation="0" />
<Block type="SquareTiny" material="wood" x="1.0" y="0.38999999999999896" rotation="0" />
<Block type="SquareTiny" material="ice" x="2.0" y="0.38999999999999896" rotation="0" />
<Block type="SquareTiny" material="ice" x="2.7" y="0.38999999999999896" rotation="0" />
<Block type="SquareTiny" material="stone" x="3.3" y="0.38999999999999896" rotation="0" />
<Block type="SquareTiny" material="stone" x="4.0" y="0.38999999999999896" rotation="0" />
<Block type="RectFat" material="wood" x="-0.7" y="0.764999999999999" rotation="0" />
<Block type="RectFat" material="wood" x="0.6" y="0.764999999999999" rotation="0" />
<Block type="RectFat" material="ice" x="2.4" y="0.764999999999999" rotation="0" />
<Block type="RectFat" material="stone" x="3.7" y="0.764999999999999" rotation="0" />
<Pig type="BasicSmall" material="" x="-0.7" y="1.254999999999999" rotation="0" />
<Pig type="BasicSmall" material="" x="0.4" y="1.254999999999999" rotation="0" />
<Block type="CircleSmall" material="stone" x="0.9" y="1.254999999999999" rotation="0" />
<Pig type="BasicSmall" material="" x="2.1" y="1.254999999999999" rotation="0" />
<Block type="CircleSmall" material="ice" x="2.6" y="1.254999999999999" rotation="0" />
<Block type="CircleSmall" material="wood" x="3.4" y="1.254999999999999" rotation="0" />
<Pig type="BasicSmall" material="" x="3.9" y="1.254999999999999" rotation="0" />
</GameObjects>
</Level>
