<?xml version="1.0" encoding="utf-16"?>
<Level width ="2">
<Camera x="0" y="2" minWidth="20" maxWidth="30">
<Birds>
<Bird type="BirdBlue"/>
<Bird type="BirdRed"/>
<Bird type="BirdYellow"/>
<Bird type="BirdBlue"/>
<Bird type="BirdBlue"/>
<Bird type="BirdBlue"/>
<Bird type="BirdRed"/>
</Birds>
<Slingshot x="-8" y="-2.5">
<GameObjects>
<Block type="RectFat" material="wood" x="-0.8" y="-3.1750000000000003" rotation="90" />
<Block type="RectFat" material="stone" x="0.2" y="-3.1750000000000003" rotation="90" />
<Block type="RectFat" material="wood" x="1.1" y="-3.1750000000000003" rotation="90" />
<Block type="RectFat" material="ice" x="1.7" y="-3.1750000000000003" rotation="90" />
<Block type="RectFat" material="wood" x="2.6" y="-3.1750000000000003" rotation="90" />
<Block type="RectFat" material="wood" x="3.6" y="-3.1750000000000003" rotation="90" />
<Block type="SquareSmall" material="ice" x="-0.8" y="-2.4850000000000008" rotation="0" />
<Block type="SquareSmall" material="stone" x="0.2" y="-2.4850000000000008" rotation="0" />
<Block type="SquareSmall" material="ice" x="1.1" y="-2.4850000000000008" rotation="0" />
<Block type="SquareSmall" material="ice" x="1.7" y="-2.4850000000000008" rotation="0" />
<Block type="SquareSmall" material="ice" x="2.6" y="-2.4850000000000008" rotation="0" />
<Block type="SquareSmall" material="ice" x="3.6" y="-2.4850000000000008" rotation="0" />
<Block type="RectTiny" material="wood" x="-0.8" y="-2.110000000000001" rotation="0" />
<Block type="RectTiny" material="wood" x="0.2" y="-2.110000000000001" rotation="0" />
<Block type="RectTiny" material="stone" x="1.1" y="-2.110000000000001" rotation="0" />
<Block type="RectTiny" material="stone" x="1.7" y="-2.110000000000001" rotation="0" />
<Block type="RectTiny" material="wood" x="2.6" y="-2.110000000000001" rotation="0" />
<Block type="RectTiny" material="stone" x="3.6" y="-2.110000000000001" rotation="0" />
<Block type="SquareSmall" material="wood" x="-0.8" y="-1.7350000000000012" rotation="0" />
<Block type="SquareSmall" material="ice" x="0.2" y="-1.7350000000000012" rotation="0" />
<Block type="SquareSmall" material="wood" x="1.1" y="-1.7350000000000012" rotation="0" />
<Block type="SquareSmall" material="wood" x="1.7" y="-1.7350000000000012" rotation="0" />
<Block type="SquareSmall" material="ice" x="2.6" y="-1.7350000000000012" rotation="0" />
<Block type="SquareSmall" material="ice" x="3.6" y="-1.7350000000000012" rotation="0" />
<Block type="RectTiny" material="stone" x="-0.8" y="-1.360000000000001" rotation="0" />
<Block type="RectTiny" material="wood" x="0.2" y="-1.360000000000001" rotation="0" />
<Block type="RectTiny" material="ice" x="1.1" y="-1.360000000000001" rotation="0" />
<Block type="RectTiny" material="stone" x="1.7" y="-1.360000000000001" rotation="0" />
<Block type="RectTiny" material="wood" x="2.6" y="-1.360000000000001" rotation="0" />
<Block type="RectTiny" material="stone" x="3.6" y="-1.360000000000001" rotation="0" />
<Block type="RectTiny" material="stone" x="-0.8" y="-1.0900000000000007" rotation="0" />
<Block type="RectTiny" material="ice" x="0.2" y="-1.0900000000000007" rotation="0" />
<Block type="RectTiny" material="wood" x="1.1" y="-1.0900000000000007" rotation="0" />
<Block type="RectTiny" material="stone" x="1.7" y="-1.0900000000000007" rotation="0" />
<Block type="RectTiny" material="ice" x="2.6" y="-1.0900000000000007" rotation="0" />
<Block type="RectTiny" material="wood" x="3.6" y="-1.0900000000000007" rotation="0" />
<Block type="RectTiny" material="wood" x="-0.8" y="-0.8200000000000007" rotation="0" />
<Block type="RectTiny" material="stone" x="0.2" y="-0.8200000000000007" rotation="0" />
<Block type="RectTiny" material="stone" x="1.1" y="-0.8200000000000007" rotation="0" />
<Block type="RectTiny" material="ice" x="1.7" y="-0.8200000000000007" rotation="0" />
<Block type="RectTiny" material="ice" x="2.6" y="-0.8200000000000007" rotation="0" />
<Block type="RectTiny" material="stone" x="3.6" y="-0.8200000000000007" rotation="0" />
<Block type="RectTiny" material="wood" x="-0.8" y="-0.5500000000000007" rotation="0" />
<Block type="RectTiny" material="stone" x="0.2" y="-0.5500000000000007" rotation="0" />
<Block type="RectTiny" material="ice" x="1.1" y="-0.5500000000000007" rotation="0" />
<Block type="RectTiny" material="wood" x="1.7" y="-0.5500000000000007" rotation="0" />
<Block type="RectTiny" material="wood" x="2.6" y="-0.5500000000000007" rotation="0" />
<Block type="RectTiny" material="ice" x="3.6" y="-0.5500000000000007" rotation="0" />
<Block type="SquareSmall" material="ice" x="-0.8" y="-0.1750000000000007" rotation="0" />
<Block type="SquareSmall" material="stone" x="0.2" y="-0.1750000000000007" rotation="0" />
<Block type="SquareSmall" material="ice" x="1.1" y="-0.1750000000000007" rotation="0" />
<Block type="SquareSmall" material="ice" x="1.7" y="-0.1750000000000007" rotation="0" />
<Block type="SquareSmall" material="wood" x="2.6" y="-0.1750000000000007" rotation="0" />
<Block type="SquareSmall" material="ice" x="3.6" y="-0.1750000000000007" rotation="0" />
<Block type="RectTiny" material="wood" x="-0.8" y="0.1999999999999993" rotation="0" />
<Block type="RectTiny" material="stone" x="0.2" y="0.1999999999999993" rotation="0" />
<Block type="RectTiny" material="stone" x="1.1" y="0.1999999999999993" rotation="0" />
<Block type="SquareTiny" material="wood" x="1.7" y="0.1999999999999993" rotation="0" />
<Block type="RectTiny" material="stone" x="2.6" y="0.1999999999999993" rotation="0" />
<Block type="RectTiny" material="ice" x="3.6" y="0.1999999999999993" rotation="0" />
<Block type="RectMedium" material="wood" x="0.2" y="0.46999999999999925" rotation="0" />
<Block type="RectBig" material="ice" x="2.6" y="0.46999999999999925" rotation="0" />
<Block type="CircleSmall" material="wood" x="-0.4" y="0.8549999999999993" rotation="0" />
<Pig type="BasicSmall" material="" x="0.2" y="0.8549999999999993" rotation="0" />
<Block type="CircleSmall" material="stone" x="0.7" y="0.8549999999999993" rotation="0" />
<Block type="TriangleHole" material="ice" x="1.9" y="1.0399999999999994" rotation="0" />
<Block type="CircleSmall" material="stone" x="2.6" y="0.8549999999999993" rotation="0" />
<Block type="Triangle" material="wood" x="3.3" y="1.0399999999999994" rotation="90" />
</GameObjects>
</Level>
