<?xml version="1.0" encoding="utf-16"?>
<Level width ="2">
<Camera x="0" y="2" minWidth="20" maxWidth="30">
<Birds>
<Bird type="BirdBlue"/>
<Bird type="BirdRed"/>
<Bird type="BirdYellow"/>
<Bird type="BirdBlue"/>
<Bird type="BirdBlue"/>
<Bird type="BirdBlue"/>
<Bird type="BirdRed"/>
</Birds>
<Slingshot x="-8" y="-2.5">
<GameObjects>
<Block type="RectBig" material="stone" x="1.1" y="-3.49" rotation="0" />
<Block type="RectBig" material="wood" x="0.2" y="-2.3000000000000007" rotation="90" />
<Block type="RectBig" material="wood" x="0.6" y="-2.3000000000000007" rotation="90" />
<Block type="RectBig" material="wood" x="1.1" y="-2.3000000000000007" rotation="90" />
<Block type="RectBig" material="wood" x="1.6" y="-2.3000000000000007" rotation="90" />
<Block type="RectBig" material="wood" x="2.0" y="-2.3000000000000007" rotation="90" />
<Block type="RectBig" material="wood" x="1.1" y="-1.1100000000000005" rotation="0" />
<Block type="RectBig" material="stone" x="1.1" y="-0.8400000000000004" rotation="0" />
<Block type="RectTiny" material="ice" x="0.2" y="-0.46500000000000047" rotation="90" />
<Block type="RectTiny" material="ice" x="0.6" y="-0.46500000000000047" rotation="90" />
<Block type="RectTiny" material="wood" x="1.1" y="-0.46500000000000047" rotation="90" />
<Block type="RectTiny" material="wood" x="1.6" y="-0.46500000000000047" rotation="90" />
<Block type="RectTiny" material="wood" x="2.0" y="-0.46500000000000047" rotation="90" />
<Block type="RectBig" material="wood" x="1.1" y="-0.09000000000000045" rotation="0" />
<Block type="CircleSmall" material="stone" x="0.4" y="0.29499999999999954" rotation="0" />
<Block type="RectFat" material="ice" x="1.1" y="0.28499999999999953" rotation="0" />
<Pig type="BasicSmall" material="" x="1.8" y="0.29499999999999954" rotation="0" />
<Block type="Triangle" material="stone" x="1.1" y="0.9599999999999995" rotation="90" />
</GameObjects>
</Level>
