<?xml version="1.0" encoding="utf-16"?>
<Level width ="2">
<Camera x="0" y="2" minWidth="20" maxWidth="30">
<Birds>
<Bird type="BirdBlue"/>
<Bird type="BirdRed"/>
<Bird type="BirdYellow"/>
<Bird type="BirdBlue"/>
<Bird type="BirdBlue"/>
<Bird type="BirdBlue"/>
<Bird type="BirdRed"/>
</Birds>
<Slingshot x="-8" y="-2.5">
<GameObjects>
<Block type="RectFat" material="wood" x="-1.5" y="-3.3850000000000002" rotation="0" />
<Block type="RectFat" material="stone" x="-0.2" y="-3.3850000000000002" rotation="0" />
<Block type="RectFat" material="ice" x="1.4" y="-3.3850000000000002" rotation="0" />
<Block type="RectFat" material="wood" x="3.0" y="-3.3850000000000002" rotation="0" />
<Block type="RectFat" material="wood" x="-1.5" y="-2.6950000000000007" rotation="90" />
<Block type="RectMedium" material="ice" x="0.3" y="-3.0100000000000007" rotation="0" />
<Block type="RectMedium" material="wood" x="2.5" y="-3.0100000000000007" rotation="0" />
<Pig type="BasicSmall" material="" x="-0.3" y="-2.625000000000001" rotation="0" />
<Block type="RectFat" material="stone" x="0.5" y="-2.635000000000001" rotation="0" />
<Block type="RectFat" material="ice" x="1.4" y="-2.635000000000001" rotation="0" />
<Block type="RectFat" material="ice" x="2.3" y="-2.635000000000001" rotation="0" />
<Block type="CircleSmall" material="stone" x="3.1" y="-2.625000000000001" rotation="0" />
<Block type="RectTiny" material="ice" x="0.5" y="-2.1550000000000016" rotation="90" />
<Block type="SquareSmall" material="stone" x="0.9" y="-2.1550000000000016" rotation="0" />
<Block type="SquareSmall" material="ice" x="1.4" y="-2.1550000000000016" rotation="0" />
<Block type="SquareSmall" material="stone" x="1.9" y="-2.1550000000000016" rotation="0" />
<Block type="RectTiny" material="ice" x="2.3" y="-2.1550000000000016" rotation="90" />
<Block type="RectTiny" material="wood" x="-1.5" y="-2.0050000000000012" rotation="90" />
<Block type="RectBig" material="stone" x="0.5" y="-0.8600000000000014" rotation="90" />
<Block type="RectBig" material="stone" x="0.9" y="-0.8600000000000014" rotation="90" />
<Block type="RectBig" material="stone" x="1.4" y="-0.8600000000000014" rotation="90" />
<Block type="RectBig" material="wood" x="1.9" y="-0.8600000000000014" rotation="90" />
<Block type="RectBig" material="wood" x="2.3" y="-0.8600000000000014" rotation="90" />
<Block type="RectTiny" material="wood" x="0.5" y="0.43499999999999855" rotation="90" />
<Block type="RectTiny" material="wood" x="0.9" y="0.43499999999999855" rotation="90" />
<Block type="RectTiny" material="wood" x="1.4" y="0.43499999999999855" rotation="90" />
<Block type="RectTiny" material="wood" x="1.9" y="0.43499999999999855" rotation="90" />
<Block type="RectTiny" material="wood" x="2.3" y="0.43499999999999855" rotation="90" />
<Block type="TriangleHole" material="wood" x="0.5" y="1.1099999999999985" rotation="0" />
<Block type="Circle" material="wood" x="1.9" y="1.0999999999999985" rotation="0" />
</GameObjects>
</Level>
