<?xml version="1.0" encoding="utf-16"?>
<Level width ="2">
<Camera x="0" y="2" minWidth="20" maxWidth="30">
<Birds>
<Bird type="BirdBlue"/>
<Bird type="BirdRed"/>
<Bird type="BirdYellow"/>
<Bird type="BirdBlue"/>
<Bird type="BirdBlue"/>
<Bird type="BirdBlue"/>
<Bird type="BirdRed"/>
</Birds>
<Slingshot x="-8" y="-2.5">
<GameObjects>
<Block type="RectSmall" material="stone" x="0.0" y="-3.1750000000000003" rotation="90" />
<Block type="RectSmall" material="stone" x="0.3" y="-3.1750000000000003" rotation="90" />
<Block type="RectSmall" material="stone" x="0.6" y="-3.1750000000000003" rotation="90" />
<Pig type="BasicSmall" material="" x="1.0" y="-3.375" rotation="0" />
<Block type="RectSmall" material="stone" x="1.8" y="-3.1750000000000003" rotation="90" />
<Block type="RectSmall" material="stone" x="2.1" y="-3.1750000000000003" rotation="90" />
<Block type="RectSmall" material="stone" x="2.4" y="-3.1750000000000003" rotation="90" />
<Block type="SquareHole" material="stone" x="0.3" y="-2.2800000000000007" rotation="0" />
<Block type="SquareHole" material="stone" x="2.1" y="-2.2800000000000007" rotation="0" />
<Block type="SquareHole" material="stone" x="0.3" y="-1.3900000000000008" rotation="0" />
<Block type="SquareHole" material="stone" x="2.1" y="-1.3900000000000008" rotation="0" />
<Block type="RectBig" material="stone" x="1.2" y="-0.8100000000000008" rotation="0" />
<Block type="RectTiny" material="ice" x="0.7" y="-0.5400000000000008" rotation="0" />
<Block type="RectTiny" material="ice" x="1.7" y="-0.5400000000000008" rotation="0" />
<Block type="RectTiny" material="stone" x="0.7" y="-0.27000000000000085" rotation="0" />
<Block type="RectTiny" material="stone" x="1.7" y="-0.27000000000000085" rotation="0" />
<Block type="TriangleHole" material="ice" x="0.7" y="0.2999999999999991" rotation="0" />
<Block type="TriangleHole" material="stone" x="1.7" y="0.2999999999999991" rotation="0" />
</GameObjects>
</Level>
