<?xml version="1.0" encoding="utf-16"?>
<Level width ="2">
<Camera x="0" y="2" minWidth="20" maxWidth="30">
<Birds>
<Bird type="BirdBlue"/>
<Bird type="BirdRed"/>
<Bird type="BirdYellow"/>
<Bird type="BirdBlue"/>
<Bird type="BirdBlue"/>
<Bird type="BirdBlue"/>
<Bird type="BirdRed"/>
</Birds>
<Slingshot x="-8" y="-2.5">
<GameObjects>
<Block type="RectTiny" material="ice" x="-1.8" y="-3.3850000000000002" rotation="90" />
<TNT type="" x="-1.4" y="-3.325" rotation="0" />
<Block type="RectTiny" material="ice" x="-1.0" y="-3.3850000000000002" rotation="90" />
<Pig type="BasicSmall" material="" x="-0.6" y="-3.375" rotation="0" />
<Block type="RectTiny" material="wood" x="-0.2" y="-3.3850000000000002" rotation="90" />
<Block type="RectTiny" material="wood" x="0.2" y="-3.3850000000000002" rotation="90" />
<Block type="RectTiny" material="wood" x="0.6" y="-3.3850000000000002" rotation="90" />
<Block type="RectTiny" material="stone" x="0.9" y="-3.3850000000000002" rotation="90" />
<Block type="RectTiny" material="wood" x="1.4" y="-3.3850000000000002" rotation="90" />
<Block type="RectTiny" material="stone" x="1.7" y="-3.3850000000000002" rotation="90" />
<Block type="RectTiny" material="stone" x="2.0" y="-3.3850000000000002" rotation="90" />
<Block type="RectTiny" material="stone" x="2.5" y="-3.3850000000000002" rotation="90" />
<Block type="RectTiny" material="ice" x="2.8" y="-3.3850000000000002" rotation="90" />
<Block type="RectTiny" material="ice" x="3.2" y="-3.3850000000000002" rotation="90" />
<Block type="RectTiny" material="ice" x="3.7" y="-3.3850000000000002" rotation="90" />
<Pig type="BasicSmall" material="" x="4.1" y="-3.375" rotation="0" />
<Block type="RectTiny" material="ice" x="4.5" y="-3.3850000000000002" rotation="90" />
<TNT type="" x="4.9" y="-3.325" rotation="0" />
<Block type="RectTiny" material="ice" x="5.3" y="-3.3850000000000002" rotation="90" />
<Block type="SquareTiny" material="ice" x="-1.8" y="-3.0100000000000007" rotation="0" />
<Block type="SquareTiny" material="ice" x="-1.0" y="-3.0100000000000007" rotation="0" />
<Block type="SquareTiny" material="wood" x="-0.3" y="-3.0100000000000007" rotation="0" />
<Block type="SquareTiny" material="wood" x="0.2" y="-3.0100000000000007" rotation="0" />
<Block type="SquareTiny" material="wood" x="0.6" y="-3.0100000000000007" rotation="0" />
<Block type="SquareTiny" material="wood" x="0.9" y="-3.0100000000000007" rotation="0" />
<Block type="SquareTiny" material="wood" x="1.4" y="-3.0100000000000007" rotation="0" />
<Block type="SquareTiny" material="stone" x="1.7" y="-3.0100000000000007" rotation="0" />
<Block type="SquareTiny" material="stone" x="2.0" y="-3.0100000000000007" rotation="0" />
<Block type="SquareTiny" material="ice" x="2.5" y="-3.0100000000000007" rotation="0" />
<Block type="SquareTiny" material="ice" x="2.8" y="-3.0100000000000007" rotation="0" />
<Block type="SquareTiny" material="ice" x="3.2" y="-3.0100000000000007" rotation="0" />
<Block type="SquareTiny" material="ice" x="3.7" y="-3.0100000000000007" rotation="0" />
<Block type="SquareTiny" material="stone" x="4.4" y="-3.0100000000000007" rotation="0" />
<Block type="SquareTiny" material="wood" x="5.2" y="-3.0100000000000007" rotation="0" />
<Block type="RectSmall" material="ice" x="-1.5" y="-2.740000000000001" rotation="0" />
<Block type="RectSmall" material="ice" x="-0.6" y="-2.740000000000001" rotation="0" />
<Block type="RectSmall" material="wood" x="0.6" y="-2.740000000000001" rotation="0" />
<Block type="RectSmall" material="wood" x="1.7" y="-2.740000000000001" rotation="0" />
<Block type="RectSmall" material="ice" x="2.8" y="-2.740000000000001" rotation="0" />
<Block type="RectSmall" material="ice" x="4.0" y="-2.740000000000001" rotation="0" />
<Block type="RectSmall" material="stone" x="4.9" y="-2.740000000000001" rotation="0" />
<Block type="RectSmall" material="ice" x="-1.5" y="-2.4700000000000015" rotation="0" />
<Block type="RectSmall" material="wood" x="-0.6" y="-2.4700000000000015" rotation="0" />
<Block type="RectSmall" material="wood" x="0.6" y="-2.4700000000000015" rotation="0" />
<Block type="RectSmall" material="ice" x="1.7" y="-2.4700000000000015" rotation="0" />
<Block type="RectSmall" material="ice" x="2.8" y="-2.4700000000000015" rotation="0" />
<Block type="RectSmall" material="ice" x="4.0" y="-2.4700000000000015" rotation="0" />
<Block type="RectSmall" material="stone" x="4.9" y="-2.4700000000000015" rotation="0" />
<Block type="SquareSmall" material="ice" x="-1.5" y="-2.095000000000002" rotation="0" />
<Block type="SquareSmall" material="ice" x="-0.6" y="-2.095000000000002" rotation="0" />
<Block type="SquareSmall" material="ice" x="0.3" y="-2.095000000000002" rotation="0" />
<Block type="SquareSmall" material="ice" x="0.8" y="-2.095000000000002" rotation="0" />
<Block type="SquareSmall" material="ice" x="1.7" y="-2.095000000000002" rotation="0" />
<Block type="SquareSmall" material="ice" x="2.6" y="-2.095000000000002" rotation="0" />
<Block type="SquareSmall" material="wood" x="3.1" y="-2.095000000000002" rotation="0" />
<Block type="SquareSmall" material="ice" x="4.0" y="-2.095000000000002" rotation="0" />
<Block type="SquareSmall" material="wood" x="4.9" y="-2.095000000000002" rotation="0" />
<Block type="SquareSmall" material="ice" x="-1.5" y="-1.6150000000000018" rotation="0" />
<Block type="SquareSmall" material="ice" x="-0.6" y="-1.6150000000000018" rotation="0" />
<Block type="SquareSmall" material="ice" x="0.3" y="-1.6150000000000018" rotation="0" />
<Block type="SquareSmall" material="ice" x="0.8" y="-1.6150000000000018" rotation="0" />
<Block type="SquareSmall" material="wood" x="1.7" y="-1.6150000000000018" rotation="0" />
<Block type="SquareSmall" material="wood" x="2.6" y="-1.6150000000000018" rotation="0" />
<Block type="SquareSmall" material="wood" x="3.1" y="-1.6150000000000018" rotation="0" />
<Block type="SquareSmall" material="ice" x="4.0" y="-1.6150000000000018" rotation="0" />
<Block type="SquareSmall" material="wood" x="4.9" y="-1.6150000000000018" rotation="0" />
<Block type="RectBig" material="ice" x="-0.6" y="-1.2400000000000015" rotation="0" />
<Block type="RectBig" material="ice" x="1.7" y="-1.2400000000000015" rotation="0" />
<Block type="RectBig" material="ice" x="4.0" y="-1.2400000000000015" rotation="0" />
<Block type="TriangleHole" material="stone" x="-1.3" y="-0.6700000000000015" rotation="0" />
<Block type="SquareHole" material="stone" x="-0.3" y="-0.6600000000000015" rotation="0" />
<Block type="CircleSmall" material="stone" x="1.0" y="-0.8550000000000014" rotation="0" />
<Block type="SquareHole" material="ice" x="1.7" y="-0.6600000000000015" rotation="0" />
<Pig type="BasicSmall" material="" x="2.4" y="-0.8550000000000014" rotation="0" />
<Block type="SquareHole" material="ice" x="3.7" y="-0.6600000000000015" rotation="0" />
<Block type="TriangleHole" material="ice" x="4.7" y="-0.6700000000000015" rotation="0" />
<Block type="RectFat" material="stone" x="-0.3" y="0.02499999999999851" rotation="0" />
<Block type="RectFat" material="wood" x="1.7" y="0.02499999999999851" rotation="0" />
<Block type="RectFat" material="ice" x="3.7" y="0.02499999999999851" rotation="0" />
<Block type="RectBig" material="stone" x="0.6" y="0.39999999999999847" rotation="0" />
<Block type="RectBig" material="ice" x="2.7" y="0.39999999999999847" rotation="0" />
<Block type="TriangleHole" material="stone" x="0.0" y="0.9699999999999984" rotation="0" />
<Block type="SquareTiny" material="stone" x="0.6" y="0.6699999999999985" rotation="0" />
<Block type="SquareTiny" material="stone" x="1.2" y="0.6699999999999985" rotation="0" />
<Block type="SquareTiny" material="stone" x="2.2" y="0.6699999999999985" rotation="0" />
<Block type="SquareTiny" material="ice" x="2.7" y="0.6699999999999985" rotation="0" />
<Block type="CircleSmall" material="ice" x="3.4" y="0.7849999999999985" rotation="0" />
<Block type="CircleSmall" material="stone" x="0.6" y="1.0549999999999986" rotation="0" />
<Block type="CircleSmall" material="stone" x="1.2" y="1.0549999999999986" rotation="0" />
<Block type="CircleSmall" material="wood" x="2.2" y="1.0549999999999986" rotation="0" />
<Block type="CircleSmall" material="ice" x="2.7" y="1.0549999999999986" rotation="0" />
</GameObjects>
</Level>
