<?xml version="1.0" encoding="utf-16"?>
<Level width ="2">
<Camera x="0" y="2" minWidth="20" maxWidth="30">
<Birds>
<Bird type="BirdBlue"/>
<Bird type="BirdRed"/>
<Bird type="BirdYellow"/>
<Bird type="BirdBlue"/>
<Bird type="BirdBlue"/>
<Bird type="BirdBlue"/>
<Bird type="BirdRed"/>
</Birds>
<Slingshot x="-8" y="-2.5">
<GameObjects>
<Platform type="Platform" material="" x="-1.3" y="-3.29" rotation="0" />
<Platform type="Platform" material="" x="-0.7" y="-3.29" rotation="0" />
<Platform type="Platform" material="" x="-0.1" y="-3.29" rotation="0" />
<Platform type="Platform" material="" x="0.5" y="-3.29" rotation="0" />
<Platform type="Platform" material="" x="1.1" y="-3.29" rotation="0" />
<Platform type="Platform" material="" x="1.7" y="-3.29" rotation="0" />
<Platform type="Platform" material="" x="2.3" y="-3.29" rotation="0" />
<Platform type="Platform" material="" x="2.9" y="-3.29" rotation="0" />
<Platform type="Platform" material="" x="3.5" y="-3.29" rotation="0" />
<Platform type="Platform" material="" x="4.1" y="-3.29" rotation="0" />
<Platform type="Platform" material="" x="4.7" y="-3.29" rotation="0" />
<Block type="SquareSmall" material="ice" x="-1.4" y="-2.7150000000000003" rotation="0" />
<Block type="SquareSmall" material="ice" x="-0.7" y="-2.7150000000000003" rotation="0" />
<Block type="SquareSmall" material="ice" x="0.1" y="-2.7150000000000003" rotation="0" />
<Block type="SquareSmall" material="ice" x="0.8" y="-2.7150000000000003" rotation="0" />
<Block type="SquareSmall" material="ice" x="1.5" y="-2.7150000000000003" rotation="0" />
<Block type="SquareSmall" material="ice" x="2.2" y="-2.7150000000000003" rotation="0" />
<Block type="SquareSmall" material="ice" x="2.9" y="-2.7150000000000003" rotation="0" />
<Block type="SquareSmall" material="ice" x="3.7" y="-2.7150000000000003" rotation="0" />
<Block type="SquareSmall" material="ice" x="4.4" y="-2.7150000000000003" rotation="0" />
<Block type="RectTiny" material="wood" x="-1.4" y="-2.3400000000000007" rotation="0" />
<Block type="RectTiny" material="wood" x="-0.7" y="-2.3400000000000007" rotation="0" />
<Block type="RectTiny" material="wood" x="0.1" y="-2.3400000000000007" rotation="0" />
<Block type="RectTiny" material="wood" x="0.8" y="-2.3400000000000007" rotation="0" />
<Block type="RectTiny" material="wood" x="1.5" y="-2.3400000000000007" rotation="0" />
<Block type="RectTiny" material="wood" x="2.2" y="-2.3400000000000007" rotation="0" />
<Block type="RectTiny" material="wood" x="2.9" y="-2.3400000000000007" rotation="0" />
<Block type="RectTiny" material="wood" x="3.7" y="-2.3400000000000007" rotation="0" />
<Block type="RectTiny" material="wood" x="4.4" y="-2.3400000000000007" rotation="0" />
<Block type="RectFat" material="stone" x="-1.4" y="-1.7550000000000008" rotation="90" />
<Block type="RectFat" material="stone" x="-0.7" y="-1.7550000000000008" rotation="90" />
<Block type="RectFat" material="stone" x="0.1" y="-1.7550000000000008" rotation="90" />
<Block type="RectFat" material="stone" x="0.8" y="-1.7550000000000008" rotation="90" />
<Block type="RectFat" material="stone" x="1.5" y="-1.7550000000000008" rotation="90" />
<Block type="RectFat" material="stone" x="2.2" y="-1.7550000000000008" rotation="90" />
<Block type="RectFat" material="stone" x="2.9" y="-1.7550000000000008" rotation="90" />
<Block type="RectFat" material="stone" x="3.7" y="-1.7550000000000008" rotation="90" />
<Block type="RectFat" material="stone" x="4.4" y="-1.7550000000000008" rotation="90" />
<Block type="RectFat" material="stone" x="-1.4" y="-0.8550000000000006" rotation="90" />
<Block type="RectFat" material="stone" x="-0.7" y="-0.8550000000000006" rotation="90" />
<Block type="RectFat" material="stone" x="0.1" y="-0.8550000000000006" rotation="90" />
<Block type="RectFat" material="stone" x="0.8" y="-0.8550000000000006" rotation="90" />
<Block type="RectFat" material="stone" x="1.5" y="-0.8550000000000006" rotation="90" />
<Block type="RectFat" material="stone" x="2.2" y="-0.8550000000000006" rotation="90" />
<Block type="RectFat" material="stone" x="2.9" y="-0.8550000000000006" rotation="90" />
<Block type="RectFat" material="stone" x="3.7" y="-0.8550000000000006" rotation="90" />
<Block type="RectFat" material="stone" x="4.4" y="-0.8550000000000006" rotation="90" />
<Block type="RectFat" material="stone" x="-1.4" y="0.04499999999999933" rotation="90" />
<Block type="RectFat" material="stone" x="-0.7" y="0.04499999999999933" rotation="90" />
<Block type="RectFat" material="stone" x="0.1" y="0.04499999999999933" rotation="90" />
<Block type="RectFat" material="stone" x="0.8" y="0.04499999999999933" rotation="90" />
<Block type="RectFat" material="stone" x="1.5" y="0.04499999999999933" rotation="90" />
<Block type="RectFat" material="stone" x="2.2" y="0.04499999999999933" rotation="90" />
<Block type="RectFat" material="stone" x="2.9" y="0.04499999999999933" rotation="90" />
<Block type="RectFat" material="stone" x="3.7" y="0.04499999999999933" rotation="90" />
<Block type="RectFat" material="stone" x="4.4" y="0.04499999999999933" rotation="90" />
<Block type="SquareSmall" material="ice" x="-1.4" y="0.7349999999999993" rotation="0" />
<Block type="RectTiny" material="ice" x="-0.7" y="0.7349999999999993" rotation="90" />
<Block type="SquareSmall" material="ice" x="0.1" y="0.7349999999999993" rotation="0" />
<Block type="SquareSmall" material="ice" x="0.8" y="0.7349999999999993" rotation="0" />
<Block type="RectTiny" material="ice" x="1.5" y="0.7349999999999993" rotation="90" />
<Block type="RectTiny" material="ice" x="2.2" y="0.7349999999999993" rotation="90" />
<Block type="RectTiny" material="ice" x="2.9" y="0.7349999999999993" rotation="90" />
<Block type="SquareSmall" material="ice" x="3.7" y="0.7349999999999993" rotation="0" />
<Block type="SquareSmall" material="ice" x="4.4" y="0.7349999999999993" rotation="0" />
<Block type="RectMedium" material="stone" x="-0.7" y="1.1099999999999994" rotation="0" />
<Block type="RectMedium" material="wood" x="1.5" y="1.1099999999999994" rotation="0" />
<Block type="RectMedium" material="stone" x="3.7" y="1.1099999999999994" rotation="0" />
<Pig type="BasicSmall" material="" x="-1.2" y="1.4949999999999997" rotation="0" />
<Pig type="BasicSmall" material="" x="-0.6" y="1.4949999999999997" rotation="0" />
<Block type="CircleSmall" material="stone" x="-0.1" y="1.4949999999999997" rotation="0" />
<Block type="CircleSmall" material="wood" x="0.9" y="1.4949999999999997" rotation="0" />
<Pig type="BasicSmall" material="" x="1.5" y="1.4949999999999997" rotation="0" />
<Block type="CircleSmall" material="ice" x="2.1" y="1.4949999999999997" rotation="0" />
<Pig type="BasicSmall" material="" x="3.1" y="1.4949999999999997" rotation="0" />
<Block type="CircleSmall" material="stone" x="3.7" y="1.4949999999999997" rotation="0" />
<Pig type="BasicSmall" material="" x="4.2" y="1.4949999999999997" rotation="0" />
</GameObjects>
</Level>
