<?xml version="1.0" encoding="utf-16"?>
<Level width ="2">
<Camera x="0" y="2" minWidth="20" maxWidth="30">
<Birds>
<Bird type="BirdBlue"/>
<Bird type="BirdRed"/>
<Bird type="BirdYellow"/>
<Bird type="BirdBlue"/>
<Bird type="BirdBlue"/>
<Bird type="BirdBlue"/>
<Bird type="BirdRed"/>
</Birds>
<Slingshot x="-8" y="-2.5">
<GameObjects>
<Block type="RectMedium" material="stone" x="-0.5" y="-3.49" rotation="0" />
<Block type="RectMedium" material="wood" x="1.5" y="-3.49" rotation="0" />
<Block type="RectMedium" material="stone" x="3.5" y="-3.49" rotation="0" />
<Block type="SquareTiny" material="ice" x="-1.2" y="-3.2200000000000006" rotation="0" />
<Block type="SquareTiny" material="ice" x="-0.9" y="-3.2200000000000006" rotation="0" />
<Block type="SquareTiny" material="stone" x="-0.5" y="-3.2200000000000006" rotation="0" />
<Block type="SquareTiny" material="ice" x="0.0" y="-3.2200000000000006" rotation="0" />
<Block type="SquareTiny" material="ice" x="0.3" y="-3.2200000000000006" rotation="0" />
<Block type="SquareTiny" material="ice" x="0.8" y="-3.2200000000000006" rotation="0" />
<Block type="SquareTiny" material="ice" x="1.1" y="-3.2200000000000006" rotation="0" />
<Block type="SquareTiny" material="wood" x="1.5" y="-3.2200000000000006" rotation="0" />
<Block type="SquareTiny" material="ice" x="1.9" y="-3.2200000000000006" rotation="0" />
<Block type="SquareTiny" material="stone" x="2.2" y="-3.2200000000000006" rotation="0" />
<Block type="SquareTiny" material="stone" x="2.7" y="-3.2200000000000006" rotation="0" />
<Block type="SquareTiny" material="ice" x="3.0" y="-3.2200000000000006" rotation="0" />
<Block type="SquareTiny" material="stone" x="3.5" y="-3.2200000000000006" rotation="0" />
<Block type="SquareTiny" material="stone" x="3.9" y="-3.2200000000000006" rotation="0" />
<Block type="SquareTiny" material="ice" x="4.2" y="-3.2200000000000006" rotation="0" />
<Block type="RectMedium" material="ice" x="-0.5" y="-2.950000000000001" rotation="0" />
<Block type="RectMedium" material="ice" x="1.5" y="-2.950000000000001" rotation="0" />
<Block type="RectMedium" material="stone" x="3.5" y="-2.950000000000001" rotation="0" />
<Pig type="BasicSmall" material="" x="-1.0" y="-2.5650000000000013" rotation="0" />
<Block type="RectFat" material="ice" x="-0.4" y="-2.3650000000000015" rotation="90" />
<Block type="CircleSmall" material="wood" x="0.1" y="-2.5650000000000013" rotation="0" />
<Block type="RectSmall" material="ice" x="1.1" y="-2.3650000000000015" rotation="90" />
<Block type="CircleSmall" material="wood" x="1.5" y="-2.5650000000000013" rotation="0" />
<Block type="RectSmall" material="stone" x="1.9" y="-2.3650000000000015" rotation="90" />
<Block type="CircleSmall" material="wood" x="2.9" y="-2.5650000000000013" rotation="0" />
<Block type="RectFat" material="ice" x="3.4" y="-2.3650000000000015" rotation="90" />
<Pig type="BasicSmall" material="" x="4.0" y="-2.5650000000000013" rotation="0" />
<Block type="RectMedium" material="ice" x="0.4" y="-1.7800000000000014" rotation="0" />
<Block type="RectMedium" material="ice" x="2.6" y="-1.7800000000000014" rotation="0" />
<Block type="CircleSmall" material="wood" x="-0.2" y="-1.3950000000000011" rotation="0" />
<Block type="SquareHole" material="ice" x="0.6" y="-1.2000000000000013" rotation="0" />
<Block type="SquareHole" material="ice" x="1.5" y="-1.2000000000000013" rotation="0" />
<Block type="SquareHole" material="ice" x="2.4" y="-1.2000000000000013" rotation="0" />
<Block type="CircleSmall" material="wood" x="3.2" y="-1.3950000000000011" rotation="0" />
<Block type="CircleSmall" material="ice" x="0.3" y="-0.5050000000000013" rotation="0" />
<Block type="RectMedium" material="stone" x="1.5" y="-0.6200000000000013" rotation="0" />
<Block type="CircleSmall" material="wood" x="2.7" y="-0.5050000000000013" rotation="0" />
<Block type="RectMedium" material="stone" x="1.5" y="-0.35000000000000137" rotation="0" />
<Block type="RectFat" material="stone" x="1.2" y="0.2349999999999986" rotation="90" />
<Block type="RectSmall" material="stone" x="1.8" y="0.2349999999999986" rotation="90" />
<Block type="Circle" material="wood" x="1.2" y="1.1099999999999988" rotation="0" />
<Block type="CircleSmall" material="stone" x="1.8" y="0.9349999999999986" rotation="0" />
</GameObjects>
</Level>
