<?xml version="1.0" encoding="utf-16"?>
<Level width ="2">
<Camera x="0" y="2" minWidth="20" maxWidth="30">
<Birds>
<Bird type="BirdBlue"/>
<Bird type="BirdRed"/>
<Bird type="BirdYellow"/>
<Bird type="BirdBlue"/>
<Bird type="BirdBlue"/>
<Bird type="BirdBlue"/>
<Bird type="BirdRed"/>
</Birds>
<Slingshot x="-8" y="-2.5">
<GameObjects>
<Block type="SquareSmall" material="stone" x="-0.6" y="-3.3850000000000002" rotation="0" />
<Block type="SquareSmall" material="stone" x="0.2" y="-3.3850000000000002" rotation="0" />
<Block type="SquareSmall" material="stone" x="0.9" y="-3.3850000000000002" rotation="0" />
<Block type="SquareSmall" material="stone" x="1.9" y="-3.3850000000000002" rotation="0" />
<Block type="SquareSmall" material="stone" x="2.6" y="-3.3850000000000002" rotation="0" />
<Block type="SquareSmall" material="stone" x="3.4" y="-3.3850000000000002" rotation="0" />
<Block type="RectFat" material="wood" x="-0.6" y="-2.6950000000000007" rotation="90" />
<Block type="RectFat" material="wood" x="0.2" y="-2.6950000000000007" rotation="90" />
<Block type="RectFat" material="wood" x="0.9" y="-2.6950000000000007" rotation="90" />
<Block type="RectFat" material="wood" x="1.9" y="-2.6950000000000007" rotation="90" />
<Block type="RectSmall" material="wood" x="2.6" y="-2.6950000000000007" rotation="90" />
<Block type="RectFat" material="wood" x="3.4" y="-2.6950000000000007" rotation="90" />
<Block type="RectTiny" material="wood" x="-0.6" y="-2.0050000000000012" rotation="90" />
<Block type="SquareSmall" material="wood" x="0.2" y="-2.0050000000000012" rotation="0" />
<Block type="RectTiny" material="wood" x="0.9" y="-2.0050000000000012" rotation="90" />
<Block type="RectTiny" material="wood" x="1.9" y="-2.0050000000000012" rotation="90" />
<Block type="RectTiny" material="wood" x="2.6" y="-2.0050000000000012" rotation="90" />
<Block type="RectTiny" material="wood" x="3.4" y="-2.0050000000000012" rotation="90" />
<Block type="RectMedium" material="stone" x="0.2" y="-1.630000000000001" rotation="0" />
<Block type="RectMedium" material="wood" x="2.6" y="-1.630000000000001" rotation="0" />
<Pig type="BasicSmall" material="" x="-0.4" y="-1.2450000000000008" rotation="0" />
<Block type="RectFat" material="ice" x="0.4" y="-1.2550000000000008" rotation="0" />
<Block type="RectFat" material="ice" x="2.4" y="-1.2550000000000008" rotation="0" />
<Block type="CircleSmall" material="wood" x="3.2" y="-1.2450000000000008" rotation="0" />
<Block type="CircleSmall" material="stone" x="0.1" y="-0.7650000000000007" rotation="0" />
<Block type="SquareTiny" material="ice" x="0.5" y="-0.8800000000000007" rotation="0" />
<Block type="RectTiny" material="ice" x="2.3" y="-0.8800000000000007" rotation="0" />
<Block type="RectBig" material="stone" x="1.4" y="-0.6100000000000007" rotation="0" />
<Block type="CircleSmall" material="ice" x="0.7" y="-0.2250000000000007" rotation="0" />
<Block type="SquareSmall" material="stone" x="1.4" y="-0.2350000000000007" rotation="0" />
<Block type="TriangleHole" material="wood" x="2.1" y="-0.04000000000000069" rotation="0" />
<Block type="CircleSmall" material="stone" x="1.4" y="0.2549999999999993" rotation="0" />
</GameObjects>
</Level>
