<?xml version="1.0" encoding="utf-16"?>
<Level width ="2">
<Camera x="0" y="2" minWidth="20" maxWidth="30">
<Birds>
<Bird type="BirdBlue"/>
<Bird type="BirdRed"/>
<Bird type="BirdYellow"/>
<Bird type="BirdBlue"/>
<Bird type="BirdBlue"/>
<Bird type="BirdBlue"/>
<Bird type="BirdRed"/>
</Birds>
<Slingshot x="-8" y="-2.5">
<GameObjects>
<Platform type="Platform" material="" x="-0.5" y="-3.29" rotation="0" />
<Platform type="Platform" material="" x="0.2" y="-3.29" rotation="0" />
<Platform type="Platform" material="" x="0.8" y="-3.29" rotation="0" />
<Platform type="Platform" material="" x="1.4" y="-3.29" rotation="0" />
<Platform type="Platform" material="" x="2.0" y="-3.29" rotation="0" />
<Platform type="Platform" material="" x="2.6" y="-3.29" rotation="0" />
<Platform type="Platform" material="" x="3.3" y="-3.29" rotation="0" />
<Block type="RectTiny" material="wood" x="-1.4" y="-3.3850000000000002" rotation="90" />
<Block type="RectSmall" material="wood" x="-0.7" y="-2.5050000000000003" rotation="90" />
<Block type="RectSmall" material="wood" x="-0.4" y="-2.5050000000000003" rotation="90" />
<Block type="RectSmall" material="ice" x="-0.1" y="-2.5050000000000003" rotation="90" />
<Pig type="BasicSmall" material="" x="0.3" y="-2.705" rotation="0" />
<Block type="RectSmall" material="ice" x="1.1" y="-2.5050000000000003" rotation="90" />
<Block type="RectSmall" material="ice" x="1.4" y="-2.5050000000000003" rotation="90" />
<Block type="RectSmall" material="ice" x="1.7" y="-2.5050000000000003" rotation="90" />
<Pig type="BasicSmall" material="" x="2.5" y="-2.705" rotation="0" />
<Block type="RectSmall" material="stone" x="2.9" y="-2.5050000000000003" rotation="90" />
<Block type="RectSmall" material="stone" x="3.2" y="-2.5050000000000003" rotation="90" />
<Block type="RectSmall" material="stone" x="3.5" y="-2.5050000000000003" rotation="90" />
<Block type="RectFat" material="stone" x="-0.4" y="-1.8150000000000004" rotation="0" />
<Block type="RectFat" material="ice" x="1.4" y="-1.8150000000000004" rotation="0" />
<Block type="RectFat" material="stone" x="3.2" y="-1.8150000000000004" rotation="0" />
<Block type="RectSmall" material="wood" x="-0.4" y="-1.4400000000000002" rotation="0" />
<Block type="RectSmall" material="ice" x="1.4" y="-1.4400000000000002" rotation="0" />
<Block type="RectSmall" material="stone" x="3.2" y="-1.4400000000000002" rotation="0" />
<Block type="RectSmall" material="stone" x="-0.4" y="-1.17" rotation="0" />
<Block type="RectSmall" material="ice" x="1.4" y="-1.17" rotation="0" />
<Block type="RectSmall" material="stone" x="3.2" y="-1.17" rotation="0" />
<Block type="RectFat" material="stone" x="-0.3" y="-0.5849999999999997" rotation="90" />
<Block type="RectFat" material="wood" x="1.4" y="-0.5849999999999997" rotation="90" />
<Block type="RectFat" material="ice" x="3.1" y="-0.5849999999999997" rotation="90" />
<Block type="SquareSmall" material="wood" x="-0.3" y="0.10500000000000025" rotation="0" />
<Block type="SquareSmall" material="ice" x="1.4" y="0.10500000000000025" rotation="0" />
<Block type="SquareSmall" material="stone" x="3.1" y="0.10500000000000025" rotation="0" />
<Block type="SquareSmall" material="wood" x="-0.3" y="0.5850000000000003" rotation="0" />
<Block type="SquareSmall" material="ice" x="1.4" y="0.5850000000000003" rotation="0" />
<Block type="SquareSmall" material="ice" x="3.1" y="0.5850000000000003" rotation="0" />
<Block type="RectTiny" material="ice" x="-0.3" y="0.9600000000000003" rotation="0" />
<Block type="RectTiny" material="ice" x="1.4" y="0.9600000000000003" rotation="0" />
<Block type="RectTiny" material="ice" x="3.1" y="0.9600000000000003" rotation="0" />
<Block type="RectMedium" material="stone" x="0.5" y="1.2300000000000004" rotation="0" />
<Block type="RectMedium" material="ice" x="2.3" y="1.2300000000000004" rotation="0" />
<Pig type="BasicSmall" material="" x="-0.1" y="1.6150000000000007" rotation="0" />
<Block type="CircleSmall" material="stone" x="0.5" y="1.6150000000000007" rotation="0" />
<Block type="CircleSmall" material="stone" x="1.0" y="1.6150000000000007" rotation="0" />
<Block type="CircleSmall" material="wood" x="1.8" y="1.6150000000000007" rotation="0" />
<Block type="CircleSmall" material="wood" x="2.3" y="1.6150000000000007" rotation="0" />
<Pig type="BasicSmall" material="" x="2.9" y="1.6150000000000007" rotation="0" />
</GameObjects>
</Level>
