<?xml version="1.0" encoding="utf-16"?>
<Level width ="2">
<Camera x="0" y="2" minWidth="20" maxWidth="30">
<Birds>
<Bird type="BirdBlue"/>
<Bird type="BirdRed"/>
<Bird type="BirdYellow"/>
<Bird type="BirdBlue"/>
<Bird type="BirdBlue"/>
<Bird type="BirdBlue"/>
<Bird type="BirdRed"/>
</Birds>
<Slingshot x="-8" y="-2.5">
<GameObjects>
<Platform type="Platform" material="" x="-0.5" y="-3.29" rotation="0" />
<Platform type="Platform" material="" x="0.2" y="-3.29" rotation="0" />
<Platform type="Platform" material="" x="0.8" y="-3.29" rotation="0" />
<Platform type="Platform" material="" x="1.4" y="-3.29" rotation="0" />
<Platform type="Platform" material="" x="2.0" y="-3.29" rotation="0" />
<Platform type="Platform" material="" x="2.6" y="-3.29" rotation="0" />
<Platform type="Platform" material="" x="3.3" y="-3.29" rotation="0" />
<Block type="RectTiny" material="stone" x="-0.7" y="-2.7150000000000003" rotation="90" />
<Block type="RectTiny" material="stone" x="0.3" y="-2.7150000000000003" rotation="90" />
<Block type="RectTiny" material="stone" x="1.2" y="-2.7150000000000003" rotation="90" />
<Block type="RectTiny" material="wood" x="1.6" y="-2.7150000000000003" rotation="90" />
<Block type="RectTiny" material="stone" x="2.5" y="-2.7150000000000003" rotation="90" />
<Block type="RectTiny" material="wood" x="3.4" y="-2.7150000000000003" rotation="90" />
<Block type="RectBig" material="stone" x="0.3" y="-2.3400000000000007" rotation="0" />
<Block type="RectBig" material="stone" x="2.5" y="-2.3400000000000007" rotation="0" />
<Pig type="BasicSmall" material="" x="-0.4" y="-1.9550000000000007" rotation="0" />
<Block type="SquareHole" material="stone" x="0.5" y="-1.760000000000001" rotation="0" />
<Block type="SquareHole" material="wood" x="1.4" y="-1.760000000000001" rotation="0" />
<Block type="SquareHole" material="stone" x="2.3" y="-1.760000000000001" rotation="0" />
<Pig type="BasicSmall" material="" x="3.2" y="-1.9550000000000007" rotation="0" />
<Block type="CircleSmall" material="stone" x="0.2" y="-1.0650000000000008" rotation="0" />
<Block type="RectMedium" material="stone" x="1.4" y="-1.1800000000000008" rotation="0" />
<Block type="CircleSmall" material="wood" x="2.6" y="-1.0650000000000008" rotation="0" />
<Pig type="BasicSmall" material="" x="0.7" y="-0.7950000000000007" rotation="0" />
<Block type="RectFat" material="stone" x="1.4" y="-0.5950000000000006" rotation="90" />
<Pig type="BasicSmall" material="" x="2.1" y="-0.7950000000000007" rotation="0" />
<Block type="RectFat" material="stone" x="1.4" y="0.3049999999999993" rotation="90" />
<Pig type="BasicSmall" material="" x="1.4" y="1.0049999999999992" rotation="0" />
</GameObjects>
</Level>
