<?xml version="1.0" encoding="utf-16"?>
<Level width ="2">
<Camera x="0" y="2" minWidth="20" maxWidth="30">
<Birds>
<Bird type="BirdBlue"/>
<Bird type="BirdRed"/>
<Bird type="BirdYellow"/>
<Bird type="BirdBlue"/>
<Bird type="BirdBlue"/>
<Bird type="BirdBlue"/>
<Bird type="BirdRed"/>
</Birds>
<Slingshot x="-8" y="-2.5">
<GameObjects>
<Platform type="Platform" material="" x="-0.6" y="-3.29" rotation="0" />
<Platform type="Platform" material="" x="0.1" y="-3.29" rotation="0" />
<Platform type="Platform" material="" x="0.7" y="-3.29" rotation="0" />
<Platform type="Platform" material="" x="1.3" y="-3.29" rotation="0" />
<Platform type="Platform" material="" x="1.9" y="-3.29" rotation="0" />
<Platform type="Platform" material="" x="2.5" y="-3.29" rotation="0" />
<Platform type="Platform" material="" x="3.2" y="-3.29" rotation="0" />
<Block type="RectMedium" material="stone" x="0.0" y="-2.8200000000000003" rotation="0" />
<Pig type="BasicSmall" material="" x="1.3" y="-2.705" rotation="0" />
<Block type="RectMedium" material="ice" x="2.6" y="-2.8200000000000003" rotation="0" />
<Pig type="BasicSmall" material="" x="-0.6" y="-2.4350000000000005" rotation="0" />
<Block type="RectTiny" material="stone" x="0.0" y="-2.4450000000000007" rotation="90" />
<Block type="RectTiny" material="stone" x="0.3" y="-2.4450000000000007" rotation="90" />
<Block type="RectTiny" material="stone" x="0.7" y="-2.4450000000000007" rotation="90" />
<Block type="RectTiny" material="ice" x="1.9" y="-2.4450000000000007" rotation="90" />
<Block type="RectTiny" material="ice" x="2.3" y="-2.4450000000000007" rotation="90" />
<Block type="RectTiny" material="ice" x="2.6" y="-2.4450000000000007" rotation="90" />
<Pig type="BasicSmall" material="" x="3.2" y="-2.4350000000000005" rotation="0" />
<Block type="RectFat" material="stone" x="0.3" y="-1.965000000000001" rotation="0" />
<Block type="RectFat" material="ice" x="2.3" y="-1.965000000000001" rotation="0" />
<Block type="SquareHole" material="stone" x="0.3" y="-1.280000000000001" rotation="0" />
<Block type="SquareHole" material="wood" x="2.3" y="-1.280000000000001" rotation="0" />
<Block type="SquareHole" material="ice" x="0.3" y="-0.390000000000001" rotation="0" />
<Block type="SquareHole" material="ice" x="2.3" y="-0.390000000000001" rotation="0" />
<Block type="SquareHole" material="stone" x="0.3" y="0.49999999999999895" rotation="0" />
<Block type="SquareHole" material="stone" x="2.3" y="0.49999999999999895" rotation="0" />
<Block type="SquareTiny" material="wood" x="0.0" y="1.079999999999999" rotation="0" />
<Block type="SquareTiny" material="wood" x="0.7" y="1.079999999999999" rotation="0" />
<Block type="SquareTiny" material="wood" x="1.9" y="1.079999999999999" rotation="0" />
<Block type="SquareTiny" material="wood" x="2.6" y="1.079999999999999" rotation="0" />
<Pig type="BasicSmall" material="" x="0.0" y="1.4649999999999992" rotation="0" />
<Block type="CircleSmall" material="stone" x="0.7" y="1.4649999999999992" rotation="0" />
<Block type="CircleSmall" material="stone" x="1.9" y="1.4649999999999992" rotation="0" />
<Pig type="BasicSmall" material="" x="2.6" y="1.4649999999999992" rotation="0" />
</GameObjects>
</Level>
