<?xml version="1.0" encoding="utf-16"?>
<Level width ="2">
<Camera x="0" y="2" minWidth="20" maxWidth="30">
<Birds>
<Bird type="BirdBlue"/>
<Bird type="BirdRed"/>
<Bird type="BirdYellow"/>
<Bird type="BirdBlue"/>
<Bird type="BirdBlue"/>
<Bird type="BirdBlue"/>
<Bird type="BirdRed"/>
</Birds>
<Slingshot x="-8" y="-2.5">
<GameObjects>
<Platform type="Platform" material="" x="-1.3" y="-3.29" rotation="0" />
<Platform type="Platform" material="" x="-0.7" y="-3.29" rotation="0" />
<Platform type="Platform" material="" x="-0.1" y="-3.29" rotation="0" />
<Platform type="Platform" material="" x="0.5" y="-3.29" rotation="0" />
<Platform type="Platform" material="" x="1.1" y="-3.29" rotation="0" />
<Platform type="Platform" material="" x="1.7" y="-3.29" rotation="0" />
<Platform type="Platform" material="" x="2.3" y="-3.29" rotation="0" />
<Platform type="Platform" material="" x="2.9" y="-3.29" rotation="0" />
<Platform type="Platform" material="" x="3.5" y="-3.29" rotation="0" />
<Platform type="Platform" material="" x="4.1" y="-3.29" rotation="0" />
<Platform type="Platform" material="" x="4.7" y="-3.29" rotation="0" />
<Block type="RectTiny" material="stone" x="-1.4" y="-2.8200000000000003" rotation="0" />
<Block type="RectTiny" material="ice" x="-0.7" y="-2.8200000000000003" rotation="0" />
<Block type="RectTiny" material="stone" x="-0.1" y="-2.8200000000000003" rotation="0" />
<Block type="RectTiny" material="stone" x="0.5" y="-2.8200000000000003" rotation="0" />
<Block type="RectTiny" material="stone" x="1.2" y="-2.8200000000000003" rotation="0" />
<Block type="RectTiny" material="stone" x="1.8" y="-2.8200000000000003" rotation="0" />
<Block type="RectTiny" material="wood" x="2.5" y="-2.8200000000000003" rotation="0" />
<Block type="RectTiny" material="ice" x="3.1" y="-2.8200000000000003" rotation="0" />
<Block type="RectTiny" material="wood" x="3.7" y="-2.8200000000000003" rotation="0" />
<Block type="RectTiny" material="wood" x="4.4" y="-2.8200000000000003" rotation="0" />
<Block type="RectFat" material="stone" x="-1.4" y="-2.2350000000000008" rotation="90" />
<Block type="RectFat" material="ice" x="-0.7" y="-2.2350000000000008" rotation="90" />
<Block type="RectFat" material="stone" x="-0.1" y="-2.2350000000000008" rotation="90" />
<Block type="RectFat" material="ice" x="0.5" y="-2.2350000000000008" rotation="90" />
<Block type="RectFat" material="wood" x="1.2" y="-2.2350000000000008" rotation="90" />
<Block type="RectFat" material="wood" x="1.8" y="-2.2350000000000008" rotation="90" />
<Block type="RectFat" material="wood" x="2.5" y="-2.2350000000000008" rotation="90" />
<Block type="RectFat" material="wood" x="3.1" y="-2.2350000000000008" rotation="90" />
<Block type="RectFat" material="wood" x="3.7" y="-2.2350000000000008" rotation="90" />
<Block type="RectFat" material="wood" x="4.4" y="-2.2350000000000008" rotation="90" />
<Block type="RectFat" material="wood" x="-1.4" y="-1.3350000000000006" rotation="90" />
<Block type="RectFat" material="wood" x="-0.7" y="-1.3350000000000006" rotation="90" />
<Block type="RectFat" material="stone" x="-0.1" y="-1.3350000000000006" rotation="90" />
<Block type="RectFat" material="stone" x="0.5" y="-1.3350000000000006" rotation="90" />
<Block type="RectFat" material="stone" x="1.2" y="-1.3350000000000006" rotation="90" />
<Block type="RectFat" material="ice" x="1.8" y="-1.3350000000000006" rotation="90" />
<Block type="RectFat" material="wood" x="2.5" y="-1.3350000000000006" rotation="90" />
<Block type="RectFat" material="stone" x="3.1" y="-1.3350000000000006" rotation="90" />
<Block type="RectFat" material="stone" x="3.7" y="-1.3350000000000006" rotation="90" />
<Block type="RectFat" material="ice" x="4.4" y="-1.3350000000000006" rotation="90" />
<Block type="RectTiny" material="stone" x="-1.4" y="-0.7500000000000006" rotation="0" />
<Block type="RectTiny" material="wood" x="-0.7" y="-0.7500000000000006" rotation="0" />
<Block type="RectTiny" material="stone" x="-0.1" y="-0.7500000000000006" rotation="0" />
<Block type="RectTiny" material="wood" x="0.5" y="-0.7500000000000006" rotation="0" />
<Block type="RectTiny" material="stone" x="1.2" y="-0.7500000000000006" rotation="0" />
<Block type="RectTiny" material="wood" x="1.8" y="-0.7500000000000006" rotation="0" />
<Block type="RectTiny" material="stone" x="2.5" y="-0.7500000000000006" rotation="0" />
<Block type="RectTiny" material="stone" x="3.1" y="-0.7500000000000006" rotation="0" />
<Block type="RectTiny" material="ice" x="3.7" y="-0.7500000000000006" rotation="0" />
<Block type="RectTiny" material="ice" x="4.4" y="-0.7500000000000006" rotation="0" />
<Block type="RectFat" material="stone" x="-1.4" y="-0.1650000000000006" rotation="90" />
<Block type="RectFat" material="wood" x="-0.7" y="-0.1650000000000006" rotation="90" />
<Block type="RectFat" material="stone" x="-0.1" y="-0.1650000000000006" rotation="90" />
<Block type="RectFat" material="wood" x="0.5" y="-0.1650000000000006" rotation="90" />
<Block type="RectFat" material="wood" x="1.2" y="-0.1650000000000006" rotation="90" />
<Block type="RectFat" material="wood" x="1.8" y="-0.1650000000000006" rotation="90" />
<Block type="RectFat" material="ice" x="2.5" y="-0.1650000000000006" rotation="90" />
<Block type="RectFat" material="wood" x="3.1" y="-0.1650000000000006" rotation="90" />
<Block type="RectFat" material="ice" x="3.7" y="-0.1650000000000006" rotation="90" />
<Block type="RectFat" material="wood" x="4.4" y="-0.1650000000000006" rotation="90" />
<Block type="SquareTiny" material="wood" x="-1.4" y="0.4199999999999994" rotation="0" />
<Block type="RectTiny" material="wood" x="-0.7" y="0.4199999999999994" rotation="0" />
<Block type="SquareTiny" material="stone" x="-0.1" y="0.4199999999999994" rotation="0" />
<Block type="SquareTiny" material="wood" x="0.5" y="0.4199999999999994" rotation="0" />
<Block type="SquareTiny" material="wood" x="1.2" y="0.4199999999999994" rotation="0" />
<Block type="RectTiny" material="wood" x="1.8" y="0.4199999999999994" rotation="0" />
<Block type="RectTiny" material="ice" x="2.5" y="0.4199999999999994" rotation="0" />
<Block type="SquareTiny" material="stone" x="3.1" y="0.4199999999999994" rotation="0" />
<Block type="SquareTiny" material="wood" x="3.7" y="0.4199999999999994" rotation="0" />
<Block type="RectTiny" material="wood" x="4.4" y="0.4199999999999994" rotation="0" />
<Block type="RectFat" material="wood" x="-1.0" y="0.7949999999999994" rotation="0" />
<Block type="RectFat" material="wood" x="0.2" y="0.7949999999999994" rotation="0" />
<Block type="RectFat" material="wood" x="1.5" y="0.7949999999999994" rotation="0" />
<Block type="RectFat" material="wood" x="2.8" y="0.7949999999999994" rotation="0" />
<Block type="RectFat" material="wood" x="4.0" y="0.7949999999999994" rotation="0" />
<Pig type="BasicSmall" material="" x="-1.0" y="1.2849999999999995" rotation="0" />
<Block type="Circle" material="wood" x="0.2" y="1.4599999999999993" rotation="0" />
<Block type="TriangleHole" material="ice" x="1.8" y="1.4699999999999993" rotation="0" />
<Block type="CircleSmall" material="wood" x="2.5" y="1.2849999999999995" rotation="0" />
<Block type="CircleSmall" material="stone" x="3.1" y="1.2849999999999995" rotation="0" />
<Block type="CircleSmall" material="stone" x="3.8" y="1.2849999999999995" rotation="0" />
<Pig type="BasicSmall" material="" x="4.3" y="1.2849999999999995" rotation="0" />
</GameObjects>
</Level>
