<?xml version="1.0" encoding="utf-16"?>
<Level width ="2">
<Camera x="0" y="2" minWidth="20" maxWidth="30">
<Birds>
<Bird type="BirdBlue"/>
<Bird type="BirdRed"/>
<Bird type="BirdYellow"/>
<Bird type="BirdBlue"/>
<Bird type="BirdBlue"/>
<Bird type="BirdBlue"/>
<Bird type="BirdRed"/>
</Birds>
<Slingshot x="-8" y="-2.5">
<GameObjects>
<Platform type="Platform" material="" x="-1.7" y="-3.29" rotation="0" />
<Platform type="Platform" material="" x="-1.1" y="-3.29" rotation="0" />
<Platform type="Platform" material="" x="-0.5" y="-3.29" rotation="0" />
<Platform type="Platform" material="" x="0.1" y="-3.29" rotation="0" />
<Platform type="Platform" material="" x="0.7" y="-3.29" rotation="0" />
<Platform type="Platform" material="" x="1.3" y="-3.29" rotation="0" />
<Platform type="Platform" material="" x="1.9" y="-3.29" rotation="0" />
<Platform type="Platform" material="" x="2.5" y="-3.29" rotation="0" />
<Platform type="Platform" material="" x="3.1" y="-3.29" rotation="0" />
<Platform type="Platform" material="" x="3.7" y="-3.29" rotation="0" />
<Platform type="Platform" material="" x="4.3" y="-3.29" rotation="0" />
<Platform type="Platform" material="" x="4.9" y="-3.29" rotation="0" />
<Block type="RectFat" material="ice" x="-1.8" y="-2.5050000000000003" rotation="90" />
<TNT type="" x="-0.7" y="-2.6550000000000002" rotation="0" />
<Block type="RectFat" material="ice" x="-0.2" y="-2.5050000000000003" rotation="90" />
<Pig type="BasicSmall" material="" x="0.3" y="-2.705" rotation="0" />
<Block type="RectFat" material="ice" x="1.4" y="-2.5050000000000003" rotation="90" />
<Block type="RectFat" material="ice" x="1.8" y="-2.5050000000000003" rotation="90" />
<Block type="RectFat" material="ice" x="3.4" y="-2.5050000000000003" rotation="90" />
<TNT type="" x="4.5" y="-2.6550000000000002" rotation="0" />
<Block type="RectFat" material="ice" x="5.0" y="-2.5050000000000003" rotation="90" />
<Block type="RectMedium" material="wood" x="-1.0" y="-1.9200000000000004" rotation="0" />
<Block type="RectMedium" material="wood" x="0.6" y="-1.9200000000000004" rotation="0" />
<Block type="RectMedium" material="wood" x="2.6" y="-1.9200000000000004" rotation="0" />
<Block type="RectMedium" material="wood" x="4.2" y="-1.9200000000000004" rotation="0" />
<Block type="RectFat" material="stone" x="-1.3" y="-1.3350000000000002" rotation="90" />
<Block type="RectFat" material="stone" x="-0.7" y="-1.3350000000000002" rotation="90" />
<Block type="RectFat" material="stone" x="0.3" y="-1.3350000000000002" rotation="90" />
<Block type="RectFat" material="stone" x="1.0" y="-1.3350000000000002" rotation="90" />
<Block type="RectFat" material="stone" x="2.2" y="-1.3350000000000002" rotation="90" />
<Block type="RectFat" material="stone" x="2.9" y="-1.3350000000000002" rotation="90" />
<Block type="RectFat" material="stone" x="3.9" y="-1.3350000000000002" rotation="90" />
<Block type="RectFat" material="stone" x="4.6" y="-1.3350000000000002" rotation="90" />
<Block type="RectTiny" material="wood" x="-1.3" y="-0.7500000000000001" rotation="0" />
<Block type="RectTiny" material="wood" x="-0.7" y="-0.7500000000000001" rotation="0" />
<Block type="RectTiny" material="wood" x="0.3" y="-0.7500000000000001" rotation="0" />
<Block type="RectTiny" material="wood" x="1.0" y="-0.7500000000000001" rotation="0" />
<Block type="RectTiny" material="wood" x="2.2" y="-0.7500000000000001" rotation="0" />
<Block type="RectTiny" material="wood" x="2.9" y="-0.7500000000000001" rotation="0" />
<Block type="RectTiny" material="wood" x="3.9" y="-0.7500000000000001" rotation="0" />
<Block type="RectTiny" material="wood" x="4.6" y="-0.7500000000000001" rotation="0" />
<Block type="SquareHole" material="wood" x="-1.0" y="-0.17000000000000015" rotation="0" />
<Block type="SquareHole" material="wood" x="0.6" y="-0.17000000000000015" rotation="0" />
<Block type="SquareHole" material="wood" x="2.6" y="-0.17000000000000015" rotation="0" />
<Block type="SquareHole" material="wood" x="4.2" y="-0.17000000000000015" rotation="0" />
<Block type="RectFat" material="stone" x="-1.0" y="0.5149999999999999" rotation="0" />
<Block type="RectFat" material="stone" x="0.6" y="0.5149999999999999" rotation="0" />
<Block type="RectFat" material="stone" x="2.6" y="0.5149999999999999" rotation="0" />
<Block type="RectFat" material="stone" x="4.2" y="0.5149999999999999" rotation="0" />
<Block type="RectTiny" material="stone" x="-1.0" y="0.8899999999999999" rotation="0" />
<Block type="RectTiny" material="stone" x="0.4" y="0.8899999999999999" rotation="0" />
<Block type="RectTiny" material="stone" x="0.9" y="0.8899999999999999" rotation="0" />
<Block type="RectTiny" material="stone" x="2.3" y="0.8899999999999999" rotation="0" />
<Block type="RectTiny" material="stone" x="2.8" y="0.8899999999999999" rotation="0" />
<Block type="RectTiny" material="stone" x="4.2" y="0.8899999999999999" rotation="0" />
<Block type="RectMedium" material="ice" x="-0.3" y="1.16" rotation="0" />
<Block type="RectMedium" material="ice" x="1.6" y="1.16" rotation="0" />
<Block type="RectMedium" material="ice" x="3.5" y="1.16" rotation="0" />
<Block type="TriangleHole" material="wood" x="-0.3" y="1.73" rotation="0" />
<Block type="Triangle" material="wood" x="1.0" y="1.73" rotation="90" />
<Block type="Triangle" material="ice" x="2.2" y="1.73" rotation="0" />
<Block type="CircleSmall" material="wood" x="2.9" y="1.5450000000000002" rotation="0" />
<Block type="Triangle" material="ice" x="4.1" y="1.73" rotation="90" />
</GameObjects>
</Level>
